ID,Name,Description,Contributor,Citation,Glottocode,Year,Source,Media_IDs,Type,Map_IDs
map_1,,,,,,,carling2025diacl,,map,
1,Aikanã,,,,aika1237,1750,carling2025diacl;titus,features,feature,map_1
2,Palikúr,,,,,1750,carling2025diacl;titus,features,feature,map_1
3,Baré,,,,,1750,carling2025diacl;titus,features,feature,map_1
4,Arawak,,,,,1750,carling2025diacl;titus,features,feature,map_1
5,Garifúna,,,,,1750,carling2025diacl;titus,features,feature,map_1
6,Paraujano,,,,,1750,carling2025diacl;titus,features,feature,map_1
7,Wayuu,,,,,1750,carling2025diacl;titus,features,feature,map_1
8,Wapishana,,,,,1750,carling2025diacl;titus,features,feature,map_1
9,Baniwa,,,,,1750,carling2025diacl;titus,features,feature,map_1
10,Achagua,,,,,1750,carling2025diacl;titus,features,feature,map_1
11,Piapoco,,,,,1750,carling2025diacl;titus,features,feature,map_1
12,Cauixána,,,,,1750,carling2025diacl;titus,features,feature,map_1
13,Machiguenga,,,,,1750,carling2025diacl;titus,features,feature,map_1
14,Nomatsiguenga,,,,,1750,carling2025diacl;titus,features,feature,map_1
15,Parecís,,,,,1750,carling2025diacl;titus,features,feature,map_1
16,Yawalapití,,,,,1750,carling2025diacl;titus,features,feature,map_1
17,Waurá,,,,,1750,carling2025diacl;titus,features,feature,map_1
18,Baure,,,,baur1253,1750,carling2025diacl;titus,features,feature,map_1
19,Ignaciano,,,,,1750,carling2025diacl;titus,features,feature,map_1
20,Terêna,,,,,1750,carling2025diacl;titus,features,feature,map_1
21,Apurinã,,,,,1750,carling2025diacl;titus,features,feature,map_1
22,Iñapari,,,,,1750,carling2025diacl;titus,features,feature,map_1
23,Yine,,,,,1750,carling2025diacl;titus,features,feature,map_1
24,Chamicuro,,,,,1750,carling2025diacl;titus,features,feature,map_1
25,Yanesha',,,,,1750,carling2025diacl;titus,features,feature,map_1
26,Atayal (Ci'uli),,,,atay1247,1750,carling2025diacl;titus,features,feature,map_1
27,Atayal (Squliq),,,,atay1247,1750,carling2025diacl;titus,features,feature,map_1
28,Seediq,,,,taro1264,1750,carling2025diacl;titus,features,feature,map_1
29,Bunun,,,,bunu1267,1750,carling2025diacl;titus,features,feature,map_1
30,Amis,,,,amis1246,1750,carling2025diacl;titus,features,feature,map_1
31,Yami,,,,yami1254,1750,carling2025diacl;titus,features,feature,map_1
32,Paiwan,,,,paiw1248,1750,carling2025diacl;titus,features,feature,map_1
33,Aymara,,,,,1750,carling2025diacl;titus,features,feature,map_1
34,Basque (East),,,,,1750,carling2025diacl;titus,features,feature,map_1
35,Basque (West),,,,,1750,carling2025diacl;titus,features,feature,map_1
36,Kuikúro-Kalapálo,,,,kuik1246,1750,carling2025diacl;titus,features,feature,map_1
37,Cayubaba,,,,cayu1262,1750,carling2025diacl;titus,features,feature,map_1
38,Chiquitano,,,,chiq1248,1750,carling2025diacl;titus,features,feature,map_1
39,Albanian (Tosk),,,,tosk1239,1750,carling2025diacl;titus,features,feature,map_1
40,Eastern Armenian,,,,nucl1235,1750,carling2025diacl;titus,features,feature,map_1
41,Latvian,,,,latv1249,1750,carling2025diacl;asher_moseley_2007,features,feature,map_1
42,Lithuanian,,,,lith1251,1750,carling2025diacl;titus,features,feature,map_1
43,Russian,,,,russ1263,1750,carling2025diacl;titus,features,feature,map_1
44,Ukrainian,,,,ukra1253,1750,carling2025diacl;titus,features,feature,map_1
45,Bulgarian,,,,bulg1262,1750,carling2025diacl;titus,features,feature,map_1
46,Croatian,,,,croa1245,1750,carling2025diacl;titus,features,feature,map_1
47,Serbian,,,,serb1264,1750,carling2025diacl;titus,features,feature,map_1
48,Slovene,,,,slov1268,1750,carling2025diacl;titus,features,feature,map_1
49,Czech,,,,czec1258,1750,carling2025diacl;titus,features,feature,map_1
50,Polish,,,,poli1260,1750,carling2025diacl;titus,features,feature,map_1
51,Upper Sorbian,,,,,1750,carling2025diacl;titus,features,feature,map_1
52,Breton,,,,bret1244,1750,carling2025diacl;titus,features,feature,map_1
53,Cornish,,,,corn1251,1750,carling2025diacl;titus,features,feature,map_1
54,Welsh,,,,wels1247,1750,carling2025diacl;titus,features,feature,map_1
55,Irish,,,,iris1253,1750,carling2025diacl;titus,features,feature,map_1
56,Scottish Gaelic,,,,scot1245,1750,carling2025diacl;titus,features,feature,map_1
57,Danish,,,,dani1285,1750,carling2025diacl;titus,features,feature,map_1
58,Elfdalian,,,,elfd1234,1750,carling2025diacl;titus,features,feature,map_1
59,Faroese,,,,faro1244,1750,carling2025diacl;titus,features,feature,map_1
60,Icelandic,,,,icel1247,1750,carling2025diacl;titus,features,feature,map_1
61,Norwegian,,,,norw1258,1750,carling2025diacl;titus,features,feature,map_1
62,Norwegian (Bokmål),,,,norw1259,1750,carling2025diacl;titus,features,feature,map_1
63,Norwegian (Nynorsk),,,,norw1262,1750,carling2025diacl;titus,features,feature,map_1
64,Swedish,,,,swed1254,1750,carling2025diacl;asher_moseley_2007;mml2015,features,feature,map_1
65,Dutch,,,,dutc1256,1750,carling2025diacl;titus,features,feature,map_1
66,English,,,,stan1293,1750,carling2025diacl;asher_moseley_2007,features,feature,map_1
67,Frisian,,,,west2354,1750,carling2025diacl;titus,features,feature,map_1
68,German,,,,stan1295,1750,carling2025diacl;titus,features,feature,map_1
69,Low German,,,,nort2627,1750,carling2025diacl;titus,features,feature,map_1
70,Swiss German,,,,swis1247,1750,carling2025diacl;titus,features,feature,map_1
71,Yiddish,,,,east2295,1750,carling2025diacl;titus,features,feature,map_1
72,Modern Greek,,,,mode1248,1750,carling2025diacl;asher_moseley_2007,features,feature,map_1
73,Hindi,,,,hind1269,1750,carling2025diacl;titus,features,feature,map_1
74,Urdu,,,,,1750,carling2025diacl;titus,features,feature,map_1
75,Kumaoni,,,,kuma1273,1750,carling2025diacl;titus,features,feature,map_1
76,Rajasthani,,,,raja1256,1750,carling2025diacl;titus,features,feature,map_1
77,Punjabi,,,,panj1256,1750,carling2025diacl;titus,features,feature,map_1
78,Assamese,,,,assa1263,1750,carling2025diacl;titus,features,feature,map_1
79,Bengali,,,,beng1280,1750,carling2025diacl;titus,features,feature,map_1
80,Maithili,,,,mait1250,1750,carling2025diacl;titus,features,feature,map_1
81,Nepali,,,,nepa1254,1750,carling2025diacl;titus,features,feature,map_1
82,Kashmiri,,,,kash1277,1750,carling2025diacl;titus,features,feature,map_1
83,Khowar,,,,khow1242,1750,carling2025diacl;titus,features,feature,map_1
84,Lahnda,,,,west2386,1750,carling2025diacl;titus,features,feature,map_1
85,Sindhi,,,,sind1272,1750,carling2025diacl;titus,features,feature,map_1
86,Maldivian,,,,dhiv1236,1750,carling2025diacl;titus,features,feature,map_1
87,Sinhalese,,,,sinh1246,1750,carling2025diacl;titus,features,feature,map_1
88,Konkani,,,,konk1267,1750,carling2025diacl;titus,features,feature,map_1
89,Marathi,,,,mara1378,1750,carling2025diacl;titus,features,feature,map_1
90,Gujarati,,,,guja1252,1750,carling2025diacl;titus,features,feature,map_1
91,Ossetian (Iron),,,,iron1242,1750,carling2025diacl;titus,features,feature,map_1
92,Pashto,,,,nucl1276,1750,carling2025diacl;titus,features,feature,map_1
93,Shughni,,,,shug1248,1750,carling2025diacl;titus,features,feature,map_1
94,Wakhi,,,,wakh1245,1750,carling2025diacl;titus,features,feature,map_1
95,Yagnobi,,,,yagn1238,1750,carling2025diacl;titus,features,feature,map_1
96,Baluchi,,,,sout2642,1750,carling2025diacl;titus,features,feature,map_1
97,Gilaki,,,,gila1241,1750,carling2025diacl;titus,features,feature,map_1
98,Kurdish (Kurmanji),,,,nort2641,1750,carling2025diacl;titus,features,feature,map_1
99,Kurdish (Sorani),,,,cent1972,1750,carling2025diacl;titus,features,feature,map_1
100,Parachi,,,,para1299,1750,carling2025diacl;titus,features,feature,map_1
101,Persian,,,,west2369,1750,carling2025diacl;titus,features,feature,map_1
102,Tajik,,,,taji1245,1750,carling2025diacl;titus,features,feature,map_1
103,Talysh,,,,taly1247,1750,carling2025diacl;titus,features,feature,map_1
104,Ashkun,,,,ashk1246,1750,carling2025diacl;titus,features,feature,map_1
105,Kati,,,,kati1270,1750,carling2025diacl;titus,features,feature,map_1
106,Prasun,,,,pras1239,1750,carling2025diacl;titus,features,feature,map_1
107,Tregami,,,,treg1243,1750,carling2025diacl;titus,features,feature,map_1
108,Waigali,,,,waig1243,1750,carling2025diacl;titus,features,feature,map_1
109,Catalan,,,,stan1289,1750,carling2025diacl;titus,features,feature,map_1
110,French,,,,stan1290,1750,carling2025diacl;titus,features,feature,map_1
111,Friulian,,,,friu1240,1750,carling2025diacl;titus,features,feature,map_1
112,Italian,,,,ital1282,1750,carling2025diacl;titus,features,feature,map_1
113,Ladin,,,,ladi1250,1750,carling2025diacl;titus,features,feature,map_1
114,Occitan,,,,occi1239,1750,carling2025diacl;titus,features,feature,map_1
115,Portuguese,,,,port1283,1750,carling2025diacl;asher_moseley_2007,features,feature,map_1
116,Provençal,,,,occi1239,1750,carling2025diacl;titus,features,feature,map_1
117,Romanian,,,,roma1327,1750,carling2025diacl;titus,features,feature,map_1
118,Romansh,,,,roma1326,1750,carling2025diacl;bfs2005,features,feature,map_1
119,Sardinian,,,,logu1236,1750,carling2025diacl;titus,features,feature,map_1
120,Spanish,,,,stan1288,1750,carling2025diacl;titus,features,feature,map_1
121,Walloon,,,,wall1255,1750,carling2025diacl;titus,features,feature,map_1
122,Itonama,,,,iton1250,1750,carling2025diacl;titus,features,feature,map_1
123,Jabutí,,,,djeo1235,1750,carling2025diacl;titus,features,feature,map_1
124,Xokleng,,,,xokl1240,1750,carling2025diacl;titus,features,feature,map_1
125,Georgian,,,,nucl1302,1750,carling2025diacl;titus,features,feature,map_1
126,Svan,,,,svan1243,1750,carling2025diacl;titus,features,feature,map_1
127,Laz,,,,lazz1240,1750,carling2025diacl;titus,features,feature,map_1
128,Megrelian,,,,ming1252,1750,carling2025diacl;titus,features,feature,map_1
129,Kwaza,,,,kwaz1243,1750,carling2025diacl;titus,features,feature,map_1
130,Leko,,,,leco1242,1750,carling2025diacl;titus,features,feature,map_1
131,Mosetén,,,,mose1249,1750,carling2025diacl;titus,features,feature,map_1
132,Movima,,,,movi1243,1750,carling2025diacl;titus,features,feature,map_1
133,Mamaindé,,,,mama1278,1750,carling2025diacl;titus,features,feature,map_1
134,Sabané,,,,saba1268,1750,carling2025diacl;titus,features,feature,map_1
135,Batsbi,,,,bats1242,1750,carling2025diacl;titus,features,feature,map_1
136,Chechen,,,,chec1245,1750,carling2025diacl;titus,features,feature,map_1
137,Kryz,,,,kryt1240,1750,carling2025diacl;titus,features,feature,map_1
138,Lezgian,,,,lezg1247,1750,carling2025diacl;titus,features,feature,map_1
139,Khwarshi,,,,khva1239,1750,carling2025diacl;titus,features,feature,map_1
140,Kabardian,,,,kaba1278,1750,carling2025diacl;titus,features,feature,map_1
141,Chácobo,,,,chac1251,1750,carling2025diacl;titus,features,feature,map_1
142,Kashinawá,,,,cash1254,1750,carling2025diacl;titus,features,feature,map_1
143,Cavineña,,,,cavi1250,1750,carling2025diacl;titus,features,feature,map_1
144,Karitiâna,,,,kari1311,1750,carling2025diacl;titus,features,feature,map_1
145,Aruá,,,,arua1261,1750,carling2025diacl;titus,features,feature,map_1
146,Cinta Larga,,,,cint1239,1750,carling2025diacl;titus,features,feature,map_1
147,Suruí Paitér,,,,suru1262,1750,carling2025diacl;titus,features,feature,map_1
148,Puruborá,,,,puru1264,1750,carling2025diacl;titus,features,feature,map_1
149,Awetí,,,,,1750,carling2025diacl;titus,features,feature,map_1
150,Jurúna,,,,,1750,carling2025diacl;titus,features,feature,map_1
151,Sateré-Mawé,,,,,1750,carling2025diacl;titus,features,feature,map_1
152,Kuruáya,,,,,1750,carling2025diacl;titus,features,feature,map_1
153,Mundurukú,,,,,1750,carling2025diacl;titus,features,feature,map_1
154,Guaraní (Avá),,,,,1750,carling2025diacl;titus,features,feature,map_1
155,Guaraní (Eastern Bolivian),,,,,1750,carling2025diacl;titus,features,feature,map_1
156,Guaraní (Mbyá),,,,,1750,carling2025diacl;titus,features,feature,map_1
157,Guaraní (Paraguayan),,,,,1750,carling2025diacl;titus,features,feature,map_1
158,Kaiwá,,,,,1750,carling2025diacl;titus,features,feature,map_1
159,Tapiete,,,,,1750,carling2025diacl;titus,features,feature,map_1
160,Guarayó,,,,,1750,carling2025diacl;titus,features,feature,map_1
161,Sirionó,,,,,1750,carling2025diacl;titus,features,feature,map_1
162,Emerillon,,,,,1750,carling2025diacl;titus,features,feature,map_1
163,Urubú-Ka'apór,,,,,1750,carling2025diacl;titus,features,feature,map_1
164,Wayampi do Amapari,,,,,1750,carling2025diacl;titus,features,feature,map_1
165,Kamayurá,,,,kama1373,1750,carling2025diacl;titus,features,feature,map_1
166,Kayabí,,,,,1750,carling2025diacl;titus,features,feature,map_1
167,Parintintin,,,,,1750,carling2025diacl;titus,features,feature,map_1
168,Guajajára,,,,,1750,carling2025diacl;titus,features,feature,map_1
169,Tembé,,,,,1750,carling2025diacl;titus,features,feature,map_1
170,Kokáma,,,,,1750,carling2025diacl;titus,features,feature,map_1
171,Nhengatu,,,,,1750,carling2025diacl;titus,features,feature,map_1
172,Tupinambá,,,,tupi1273,1750,carling2025diacl;titus,features,feature,map_1
173,Asuriní of Xingú,,,,,1750,carling2025diacl;titus,features,feature,map_1
174,Uyghur,,,,,1750,carling2025diacl;titus,features,feature,map_1
175,Uzbek,,,,,1750,carling2025diacl;titus,features,feature,map_1
176,Turkmen,,,,turk1304,1750,carling2025diacl;titus,features,feature,map_1
177,Turkish,,,,nucl1301,1750,carling2025diacl;titus,features,feature,map_1
178,Karachay-Balkar,,,,,1750,carling2025diacl;titus,features,feature,map_1
179,Kazakh,,,,kaza1248,1750,carling2025diacl;titus,features,feature,map_1
180,Estonian,,,,,1750,carling2025diacl;titus,features,feature,map_1
181,Finnish,,,,finn1318,1750,carling2025diacl;titus,features,feature,map_1
182,Northern Saami,,,,nort2671,1750,carling2025diacl;titus,features,feature,map_1
183,Hungarian,,,,hung1274,1750,carling2025diacl;titus,features,feature,map_1
184,Yurakaré,,,,yura1255,1750,carling2025diacl;titus,features,feature,map_1
185,Tibetan,,,,tibe1272,1750,carling2025diacl;titus,features,feature,map_1
186,Jingpho,,,,kach1280,1750,carling2025diacl;titus,features,feature,map_1
187,Mandarin Chinese,,,,mand1415,1750,carling2025diacl;titus,features,feature,map_1
188,Proto-Jê,,,,,1750,carling2025diacl;titus,features,feature,map_1
189,Adyghe,,,,adyg1241,1750,carling2025diacl;titus,features,feature,map_1
190,Ingush,,,,ingu1240,1750,carling2025diacl;titus,features,feature,map_1
191,Udi,,,,udii1243,1750,carling2025diacl;titus,features,feature,map_1
192,Beshta,,,,bezh1248,1750,carling2025diacl;titus,features,feature,map_1
193,Khinalug,,,,khin1240,1750,carling2025diacl;titus,features,feature,map_1
194,Budukh,,,,budu1248,1750,carling2025diacl;titus,features,feature,map_1
195,Abaza,,,,abaz1241,1750,carling2025diacl;titus,features,feature,map_1
196,Avar,,,,avar1256,1750,carling2025diacl;titus,features,feature,map_1
197,Andi,,,,andi1255,1750,carling2025diacl;titus,features,feature,map_1
198,Lak,,,,lakk1252,1750,carling2025diacl;titus,features,feature,map_1
199,Dargwa,,,,darg1241,1750,carling2025diacl;titus,features,feature,map_1
200,Gagauz,,,,gaga1249,1750,carling2025diacl;titus,features,feature,map_1
201,Crimean Tatar,,,,crim1257,1750,carling2025diacl;titus,features,feature,map_1
202,Kumyk,,,,kumy1244,1750,carling2025diacl;titus,features,feature,map_1
203,Tabasaran,,,,taba1259,1750,carling2025diacl;titus,features,feature,map_1
204,Aghul,,,,aghu1253,1750,carling2025diacl;titus,features,feature,map_1
205,Tsakhur,,,,tsak1249,1750,carling2025diacl;titus,features,feature,map_1
206,Rutul,,,,rutu1240,1750,carling2025diacl;titus,features,feature,map_1
207,Azerbaijani,,,,nort2697,1750,carling2025diacl;titus,features,feature,map_1
208,Tuvan,,,,tuvi1240,1750,carling2025diacl;asher_moseley_2007;titus,features,feature,map_1
209,Belarusian,,,,,1750,carling2025diacl;titus,features,feature,map_1
210,Slovak,,,,slov1269,1750,carling2025diacl;titus,features,feature,map_1
211,Southern Altai,,,,sout2694,1750,carling2025diacl;titus,features,feature,map_1
212,Bhili,,,,,1750,carling2025diacl;titus,features,feature,map_1
213,Central Dravidian,,,,cent2227,1750,carling2025diacl;titus,features,feature,map_1
214,Duruwa,,,,duru1236,1750,carling2025diacl;titus,features,feature,map_1
215,Kannada,,,,nucl1305,1750,carling2025diacl;titus,features,feature,map_1
216,Konda-Dora,,,,kond1295,1750,carling2025diacl;titus,features,feature,map_1
217,Kui,,,,kuii1252,1750,carling2025diacl;titus,features,feature,map_1
218,Kurukh,,,,kuru1302,1750,carling2025diacl;titus,features,feature,map_1
219,Malayalam,,,,mala1464,1750,carling2025diacl;titus,features,feature,map_1
220,Pottangi Ollar Gadaba,,,,pott1240,1750,carling2025diacl;titus,features,feature,map_1
221,Southeastern Kolami,,,,sout1549,1750,carling2025diacl;titus,features,feature,map_1
222,Tamil,,,,tami1289,1750,carling2025diacl;titus,features,feature,map_1
223,Telugu,,,,telu1262,1750,carling2025diacl;titus,features,feature,map_1
224,Mundaic,,,,mund1335,1750,carling2025diacl;titus,features,feature,map_1
225,East Yugur,,,,east2337,1750,carling2025diacl;titus,features,feature,map_1
226,Mongolian (Khalkha),,,,halh1238,1750,carling2025diacl;titus,features,feature,map_1
227,Khamnigan Mongol,,,,kham1281,1750,carling2025diacl;titus,features,feature,map_1
228,Kalmyk,,,,kalm1243,1750,carling2025diacl;asher_moseley_2007;titus,features,feature,map_1
229,Peripheral Mongolian,,,,peri1253,1750,carling2025diacl;titus,features,feature,map_1
230,Buryat (Russia),,,,russ1264,1750,carling2025diacl;asher_moseley_2007;titus,features,feature,map_1
231,Even,,,,even1260,1750,carling2025diacl;asher_moseley_2007;titus,features,feature,map_1
232,Evenki,,,,even1259,1750,carling2025diacl;asher_moseley_2007;titus,features,feature,map_1
233,Nanai,,,,nana1257,1750,carling2025diacl;asher_moseley_2007;titus,features,feature,map_1
234,Udihe,,,,udih1248,1750,carling2025diacl;asher_moseley_2007;titus,features,feature,map_1
235,Bashkir,,,,bash1264,1750,carling2025diacl;asher_moseley_2007;titus,features,feature,map_1
236,Chuvash,,,,chuv1255,1750,carling2025diacl;asher_moseley_2007;titus,features,feature,map_1
237,Kyrgyz,,,,kirg1245,1750,carling2025diacl;asher_moseley_2007;titus,features,feature,map_1
238,Sakha,,,,yaku1245,1750,carling2025diacl;asher_moseley_2007;titus,features,feature,map_1
239,Tatar,,,,tata1255,1750,carling2025diacl;asher_moseley_2007;titus,features,feature,map_1
240,Erzya,,,,erzy1239,1750,carling2025diacl;asher_moseley_2007;titus,features,feature,map_1
241,Khanty,,,,khan1273,1750,carling2025diacl;asher_moseley_2007;titus,features,feature,map_1
242,Komi,,,,komi1267,1750,carling2025diacl;asher_moseley_2007;titus,features,feature,map_1
243,Nganasan,,,,ngan1291,1750,carling2025diacl;asher_moseley_2007;titus,features,feature,map_1
244,Selkup,,,,selk1253,1750,carling2025diacl;asher_moseley_2007;titus,features,feature,map_1
245,Skolt Sami,,,,skol1241,1750,carling2025diacl;asher_moseley_2007;titus,features,feature,map_1
246,Tundra Nenets,,,,nene1249,1750,carling2025diacl;asher_moseley_2007;titus,features,feature,map_1
247,Udmurt,,,,udmu1245,1750,carling2025diacl;asher_moseley_2007;titus,features,feature,map_1
248,Bura-Pabir,,,,bura1292,1750,carling2025diacl;asher_moseley_2007;titus,features,feature,map_1
249,Tera,,,,tera1251,1750,carling2025diacl;asher_moseley_2007;titus,features,feature,map_1
250,Afar,,,,afar1241,1750,carling2025diacl;asher_moseley_2007;titus,features,feature,map_1
251,Saho,,,,saho1246,1750,carling2025diacl;asher_moseley_2007;titus,features,feature,map_1
252,Somali,,,,soma1255,1750,carling2025diacl;asher_moseley_2007;titus,features,feature,map_1
253,Coptic,,,,copt1239,1750,carling2025diacl;titus,features,feature,map_1
254,Beja,,,,beja1238,1750,carling2025diacl;asher_moseley_2007;titus,features,feature,map_1
255,Amharic,,,,amha1245,1750,carling2025diacl;asher_moseley_2007;titus,features,feature,map_1
256,Tigre,,,,tigr1270,1750,carling2025diacl;asher_moseley_2007;titus,features,feature,map_1
257,Tigrinya,,,,tigr1271,1750,carling2025diacl;asher_moseley_2007;titus,features,feature,map_1
258,Alagwa,,,,alag1248,1750,carling2025diacl;asher_moseley_2007;titus,features,feature,map_1
259,Iraqw,,,,iraq1241,1750,carling2025diacl;asher_moseley_2007;titus,features,feature,map_1
260,Bole,,,,nucl1695,1750,carling2025diacl;asher_moseley_2007;titus,features,feature,map_1
261,Hausa,,,,haus1257,1750,carling2025diacl;asher_moseley_2007;titus,features,feature,map_1
262,Afrikaans,,,,afri1274,1750,carling2025diacl;titus,features,feature,map_1
263,Bhojpuri,,,,bhoj1244,1750,carling2025diacl;titus,features,feature,map_1
264,Dari,,,,dari1249,1750,carling2025diacl;titus,features,feature,map_1
265,Indus Kohistani,,,,indu1241,1750,carling2025diacl;titus,features,feature,map_1
266,Khandesi,,,,khan1272,1750,carling2025diacl;titus,features,feature,map_1
267,Kullu Pahari,,,,kull1236,1750,carling2025diacl;titus,features,feature,map_1
268,Magahi,,,,maga1260,1750,carling2025diacl;titus,features,feature,map_1
269,Ormuri,,,,ormu1247,1750,carling2025diacl;titus,features,feature,map_1
270,Sarikoli,,,,sari1246,1750,carling2025diacl;titus,features,feature,map_1
271,Shina,,,,shin1264,1750,carling2025diacl;titus,features,feature,map_1
272,Jukun Takum,,,,juku1254,1750,carling2025diacl;asher_moseley_2007;titus,features,feature,map_1
273,Kpan,,,,kpan1246,1750,carling2025diacl;asher_moseley_2007;titus,features,feature,map_1
274,Tigon Mbembe,,,,tigo1236,1750,carling2025diacl;asher_moseley_2007;titus,features,feature,map_1
275,Izon,,,,izon1238,1750,carling2025diacl;asher_moseley_2007;titus,features,feature,map_1
276,Efik,,,,efik1245,1750,carling2025diacl;asher_moseley_2007;titus,features,feature,map_1
277,Ibibio,,,,ibib1240,1750,carling2025diacl;asher_moseley_2007;titus,features,feature,map_1
278,Obolo,,,,obol1243,1750,carling2025diacl;asher_moseley_2007;titus,features,feature,map_1
279,Godié,,,,godi1239,1750,carling2025diacl;asher_moseley_2007;titus,features,feature,map_1
280,Bini,,,,bini1246,1750,carling2025diacl;asher_moseley_2007;titus,features,feature,map_1
281,Ejagham,,,,ejag1239,1750,carling2025diacl;asher_moseley_2007;titus,features,feature,map_1
282,Kalabari,,,,kala1381,1750,carling2025diacl;asher_moseley_2007;titus,features,feature,map_1
283,Idoma,,,,idom1241,1750,carling2025diacl;asher_moseley_2007;titus,features,feature,map_1
284,Igbo,,,,nucl1417,1750,carling2025diacl;asher_moseley_2007;titus,features,feature,map_1
285,Ewe,,,,ewee1241,1750,carling2025diacl;asher_moseley_2007;titus,features,feature,map_1
286,Fon,,,,fonn1241,1750,carling2025diacl;asher_moseley_2007;titus,features,feature,map_1
287,Vute,,,,vute1244,1750,carling2025diacl;asher_moseley_2007;titus,features,feature,map_1
288,Bambara,,,,bamb1269,1750,carling2025diacl;asher_moseley_2007;titus,features,feature,map_1
289,Bandi,,,,band1352,1750,carling2025diacl;asher_moseley_2007;titus,features,feature,map_1
290,Bissa,,,,biss1248,1750,carling2025diacl;asher_moseley_2007;titus,features,feature,map_1
291,Busa,,,,busa1253,1750,carling2025diacl;asher_moseley_2007;titus,features,feature,map_1
292,Dyula,,,,dyul1238,1750,carling2025diacl;asher_moseley_2007;titus,features,feature,map_1
293,Liberia Kpelle,,,,libe1247,1750,carling2025diacl;asher_moseley_2007;titus,features,feature,map_1
294,Loma,,,,loma1260,1750,carling2025diacl;asher_moseley_2007;titus,features,feature,map_1
295,Mandinka,,,,mand1436,1750,carling2025diacl;asher_moseley_2007;titus,features,feature,map_1
296,Mende,,,,mend1266,1750,carling2025diacl;asher_moseley_2007;titus,features,feature,map_1
297,Sankaran Maninka,,,,sank1253,1750,carling2025diacl;asher_moseley_2007;titus,features,feature,map_1
298,Southern Bobo Madaré,,,,sout2840,1750,carling2025diacl;asher_moseley_2007;titus,features,feature,map_1
299,Susu,,,,susu1250,1750,carling2025diacl;titus,features,feature,map_1
300,Vai,,,,vaii1241,1750,carling2025diacl;asher_moseley_2007;titus,features,feature,map_1
301,Yalunka,,,,yalu1240,1750,carling2025diacl;asher_moseley_2007;titus,features,feature,map_1
302,Oroko,,,,orok1266,1750,carling2025diacl;asher_moseley_2007;titus,features,feature,map_1
303,Tuki,,,,tuki1240,1750,carling2025diacl;asher_moseley_2007;titus,features,feature,map_1
304,Tunen,,,,tune1261,1750,carling2025diacl;asher_moseley_2007;titus,features,feature,map_1
305,Mongo,,,,mong1338,1750,carling2025diacl;asher_moseley_2007;titus,features,feature,map_1
306,Kamba (Kenya),,,,kamb1297,1750,carling2025diacl;asher_moseley_2007;titus,features,feature,map_1
307,Meru,,,,meru1245,1750,carling2025diacl;asher_moseley_2007;titus,features,feature,map_1
308,Langi,,,,lang1320,1750,carling2025diacl;asher_moseley_2007;titus,features,feature,map_1
309,Mbugwe,,,,mbug1242,1750,carling2025diacl;asher_moseley_2007;titus,features,feature,map_1
310,Nyamwezi,,,,nyam1276,1750,carling2025diacl;asher_moseley_2007;titus,features,feature,map_1
311,Nyaturu,,,,nyat1246,1750,carling2025diacl;asher_moseley_2007;titus,features,feature,map_1
312,Bena (Tanzania),,,,bena1262,1750,carling2025diacl;asher_moseley_2007;titus,features,feature,map_1
313,Bondei,,,,bond1247,1750,carling2025diacl;titus,features,feature,map_1
314,Gogo,,,,gogo1263,1750,carling2025diacl;asher_moseley_2007;titus,features,feature,map_1
315,Kami (Tanzania),,,,kami1256,1750,carling2025diacl;asher_moseley_2007;titus,features,feature,map_1
316,Shambala,,,,sham1280,1750,carling2025diacl;asher_moseley_2007;titus,features,feature,map_1
317,Swahili,,,,swah1253,1750,carling2025diacl;asher_moseley_2007;titus,features,feature,map_1
318,Kikongo,,,,koon1244,1750,carling2025diacl;asher_moseley_2007;titus,features,feature,map_1
319,Ganda,,,,gand1255,1750,carling2025diacl;asher_moseley_2007;titus,features,feature,map_1
320,Haya,,,,haya1250,1750,carling2025diacl;asher_moseley_2007;titus,features,feature,map_1
321,Kinyarwanda,,,,kiny1244,1750,carling2025diacl;asher_moseley_2007;titus,features,feature,map_1
322,Konzo,,,,konz1239,1750,carling2025diacl;asher_moseley_2007;titus,features,feature,map_1
323,Nyoro,,,,nyor1246,1750,carling2025diacl;asher_moseley_2007;titus,features,feature,map_1
324,Zinza,,,,zinz1238,1750,carling2025diacl;asher_moseley_2007;titus,features,feature,map_1
325,Fwe,,,,fwee1238,1750,carling2025diacl;asher_moseley_2007;titus,features,feature,map_1
326,Luchazi,,,,luch1239,1750,carling2025diacl;asher_moseley_2007;titus,features,feature,map_1
327,Lunda,,,,lund1266,1750,carling2025diacl;asher_moseley_2007;titus,features,feature,map_1
328,Luvale,,,,luva1239,1750,carling2025diacl;asher_moseley_2007;titus,features,feature,map_1
329,Luyi,,,,luya1241,1750,carling2025diacl;asher_moseley_2007;titus,features,feature,map_1
330,Kaonde,,,,kaon1241,1750,carling2025diacl;asher_moseley_2007;titus,features,feature,map_1
331,Luba-Katanga,,,,luba1250,1750,carling2025diacl;asher_moseley_2007;titus,features,feature,map_1
332,Bemba,,,,bemb1257,1750,carling2025diacl;asher_moseley_2007;titus,features,feature,map_1
333,Chitonga,,,,tong1318,1750,carling2025diacl;asher_moseley_2007;titus,features,feature,map_1
334,Ila,,,,ilaa1246,1750,carling2025diacl;asher_moseley_2007;titus,features,feature,map_1
335,Lala-Bisa,,,,lala1264,1750,carling2025diacl;asher_moseley_2007;titus,features,feature,map_1
336,Lamba,,,,lamb1271,1750,carling2025diacl;asher_moseley_2007;titus,features,feature,map_1
337,Lenje,,,,lenj1248,1750,carling2025diacl;asher_moseley_2007;titus,features,feature,map_1
338,Nyakyusa-Ngonde,,,,nyak1260,1750,carling2025diacl;asher_moseley_2007;titus,features,feature,map_1
339,Soli,,,,soli1239,1750,carling2025diacl;asher_moseley_2007;titus,features,feature,map_1
340,Ngoni,,,,ngon1269,1750,carling2025diacl;asher_moseley_2007;titus,features,feature,map_1
341,Nyanja,,,,nyan1308,1750,carling2025diacl;asher_moseley_2007;titus,features,feature,map_1
342,Sena,,,,nucl1396,1750,carling2025diacl;asher_moseley_2007;titus,features,feature,map_1
343,Tumbuka,,,,tumb1250,1750,carling2025diacl;asher_moseley_2007;titus,features,feature,map_1
344,Chimwera,,,,mwer1248,1750,carling2025diacl;asher_moseley_2007;titus,features,feature,map_1
345,Machinga,,,,mach1265,1750,carling2025diacl;asher_moseley_2007;titus,features,feature,map_1
346,Makhuwa,,,,makh1264,1750,carling2025diacl;asher_moseley_2007;titus,features,feature,map_1
347,Makonde,,,,mako1251,1750,carling2025diacl;asher_moseley_2007;titus,features,feature,map_1
348,Matumbi,,,,matu1259,1750,carling2025diacl;asher_moseley_2007;titus,features,feature,map_1
349,Ndengereko,,,,nden1248,1750,carling2025diacl;asher_moseley_2007;titus,features,feature,map_1
350,Yao,,,,yaoo1241,1750,carling2025diacl;asher_moseley_2007;titus,features,feature,map_1
351,Herero,,,,here1253,1750,carling2025diacl;asher_moseley_2007;titus,features,feature,map_1
352,Umbundu,,,,umbu1257,1750,carling2025diacl;asher_moseley_2007;titus,features,feature,map_1
353,Shona,,,,shon1251,1750,carling2025diacl;asher_moseley_2007;titus,features,feature,map_1
354,Southern Sotho,,,,sout2807,1750,carling2025diacl;titus,features,feature,map_1
355,Swati,,,,swat1243,1750,carling2025diacl;titus,features,feature,map_1
356,Tswa,,,,tswa1255,1750,carling2025diacl;asher_moseley_2007;titus,features,feature,map_1
357,Tswana,,,,tswa1253,1750,carling2025diacl;asher_moseley_2007;titus,features,feature,map_1
358,Venda,,,,vend1245,1750,carling2025diacl;asher_moseley_2007;titus,features,feature,map_1
359,Zulu,,,,zulu1248,1750,carling2025diacl;asher_moseley_2007;titus,features,feature,map_1
360,Pular,,,,pula1262,1750,carling2025diacl;asher_moseley_2007;titus,features,feature,map_1
361,Sereer,,,,sere1260,1750,carling2025diacl;asher_moseley_2007;titus,features,feature,map_1
362,Wolof,,,,nucl1347,1750,carling2025diacl;asher_moseley_2007;titus,features,feature,map_1
363,Baatonum,,,,baat1238,1750,carling2025diacl;asher_moseley_2007;titus,features,feature,map_1
364,Bimoba,,,,bimo1239,1750,carling2025diacl;asher_moseley_2007;titus,features,feature,map_1
365,Buli (Ghana),,,,buli1254,1750,carling2025diacl;asher_moseley_2007;titus,features,feature,map_1
366,Central Dagaare,,,,sout2789,1750,carling2025diacl;asher_moseley_2007;titus,features,feature,map_1
367,Dagbani,,,,dagb1246,1750,carling2025diacl;asher_moseley_2007;titus,features,feature,map_1
368,Gourmanchéma,,,,gour1243,1750,carling2025diacl;asher_moseley_2007;titus,features,feature,map_1
369,Konni,,,,konn1242,1750,carling2025diacl;titus,features,feature,map_1
370,Kusaal,,,,kusa1250,1750,carling2025diacl;asher_moseley_2007;titus,features,feature,map_1
371,Malba Birifor,,,,malb1235,1750,carling2025diacl;asher_moseley_2007;titus,features,feature,map_1
372,Mooré,,,,moss1236,1750,carling2025diacl;asher_moseley_2007;titus,features,feature,map_1
373,Ngangam,,,,ngan1299,1750,carling2025diacl;asher_moseley_2007;titus,features,feature,map_1
374,Gbagyi,,,,gbag1258,1750,carling2025diacl;asher_moseley_2007;titus,features,feature,map_1
375,Gbari,,,,gbar1246,1750,carling2025diacl;asher_moseley_2007;titus,features,feature,map_1
376,Nupe-Nupe-Tako,,,,nupe1254,1750,carling2025diacl;asher_moseley_2007;titus,features,feature,map_1
377,Abron,,,,abro1238,1750,carling2025diacl;asher_moseley_2007;titus,features,feature,map_1
378,Akan,,,,akan1250,1750,carling2025diacl;asher_moseley_2007;titus,features,feature,map_1
379,Anii,,,,anyi1245,1750,carling2025diacl;asher_moseley_2007;titus,features,feature,map_1
380,Awutu,,,,awut1241,1750,carling2025diacl;asher_moseley_2007;titus,features,feature,map_1
381,Baoulé,,,,baou1238,1750,carling2025diacl;asher_moseley_2007;titus,features,feature,map_1
382,Chumburung,,,,chum1261,1750,carling2025diacl;asher_moseley_2007;titus,features,feature,map_1
383,Ga,,,,gaaa1244,1750,carling2025diacl;asher_moseley_2007;titus,features,feature,map_1
384,Gonja,,,,gonj1241,1750,carling2025diacl;asher_moseley_2007;titus,features,feature,map_1
385,Nzima,,,,nzim1238,1750,carling2025diacl;asher_moseley_2007;titus,features,feature,map_1
386,Supyire Senoufo,,,,supy1237,1750,carling2025diacl;asher_moseley_2007;titus,features,feature,map_1
387,Sherbro,,,,sher1258,1750,carling2025diacl;titus,features,feature,map_1
388,Southern Kisi,,,,sout2778,1750,carling2025diacl;titus,features,feature,map_1
389,Temne,,,,timn1235,1750,carling2025diacl;asher_moseley_2007;titus,features,feature,map_1
390,Chakali,,,,chak1271,1750,carling2025diacl;asher_moseley_2007;titus,features,feature,map_1
391,Kasem,,,,kase1253,1750,carling2025diacl;asher_moseley_2007;titus,features,feature,map_1
392,Lama (Togo),,,,lama1275,1750,carling2025diacl;asher_moseley_2007;titus,features,feature,map_1
393,Tumulung Sisaala,,,,tumu1242,1750,carling2025diacl;asher_moseley_2007;titus,features,feature,map_1
394,Tiv,,,,tivv1240,1750,carling2025diacl;asher_moseley_2007;titus,features,feature,map_1
395,Gbaya-Bossangoa,,,,gbay1287,1750,carling2025diacl;asher_moseley_2007;titus,features,feature,map_1
396,Mono (Banda),,,,mono1270,1750,carling2025diacl;asher_moseley_2007;titus,features,feature,map_1
397,Ngbaka Minagende,,,,ngba1285,1750,carling2025diacl;asher_moseley_2007;titus,features,feature,map_1
398,Northwest Gbaya,,,,nort2775,1750,carling2025diacl;asher_moseley_2007;titus,features,feature,map_1
399,Zande,,,,zand1248,1750,carling2025diacl;asher_moseley_2007;titus,features,feature,map_1
400,Klao,,,,klao1243,1750,carling2025diacl;asher_moseley_2007;titus,features,feature,map_1
401,Southern Grebo,,,,sout2826,1750,carling2025diacl;asher_moseley_2007;titus,features,feature,map_1
402,Bamun,,,,bamu1253,1750,carling2025diacl;asher_moseley_2007;titus,features,feature,map_1
403,Fe'fe',,,,fefe1239,1750,carling2025diacl;asher_moseley_2007;titus,features,feature,map_1
404,Yoruba,,,,yoru1245,1750,carling2025diacl;asher_moseley_2007;titus,features,feature,map_1
405,Plateau Malagasy,,,,plat1254,1750,carling2025diacl;titus,features,feature,map_1
406,Bouyei,,,,bouy1240,1750,carling2025diacl;titus,features,feature,map_1
407,Hlai,,,,hlai1239,1750,carling2025diacl;titus,features,feature,map_1
408,Sui,,,,suii1243,1750,carling2025diacl;titus,features,feature,map_1
409,Hakka Chinese,,,,hakk1236,1750,carling2025diacl;titus,features,feature,map_1
410,Min Bei Chinese,,,,minb1244,1750,carling2025diacl;titus,features,feature,map_1
411,Min Nan Chinese,,,,minn1241,1750,carling2025diacl;titus,features,feature,map_1
412,Wu Chinese,,,,wuch1236,1750,carling2025diacl;titus,features,feature,map_1
413,Yue Chinese,,,,yuec1235,1750,carling2025diacl;titus,features,feature,map_1
414,Bai,,,,baic1239,1750,carling2025diacl;titus,features,feature,map_1
415,Nuosu,,,,sich1238,1750,carling2025diacl;titus,features,feature,map_1
416,Lizu,,,,lizu1234,1750,carling2025diacl;titus,features,feature,map_1
417,Leh Ladakhi,,,,lada1244,1750,carling2025diacl;titus,features,feature,map_1
418,Algonquin,,,,algo1255,1750,carling2025diacl;asher_moseley_2007;titus,features,feature,map_1
419,Atikamekw,,,,atik1240,1750,carling2025diacl;asher_moseley_2007;titus,features,feature,map_1
420,Central Ojibwa,,,,cent2136,1750,carling2025diacl;asher_moseley_2007;titus,features,feature,map_1
421,Cheyenne,,,,chey1247,1750,carling2025diacl;titus,features,feature,map_1
422,Eastern Abenaki,,,,east2544,1750,carling2025diacl;asher_moseley_2007;titus,features,feature,map_1
423,Eastern Ojibwa,,,,east2542,1750,carling2025diacl;asher_moseley_2007;titus,features,feature,map_1
424,Loup A,,,,loup1243,1750,carling2025diacl;asher_moseley_2007;titus,features,feature,map_1
425,Malecite-Passamaquoddy,,,,male1292,1750,carling2025diacl;asher_moseley_2007;titus,features,feature,map_1
426,Menominee,,,,meno1252,1750,carling2025diacl;asher_moseley_2007;titus,features,feature,map_1
427,Meskwaki,,,,mesk1242,1750,carling2025diacl;asher_moseley_2007;titus,features,feature,map_1
428,Miami,,,,miam1252,1750,carling2025diacl;asher_moseley_2007;titus,features,feature,map_1
429,Mi'kmaq,,,,mikm1235,1750,carling2025diacl;asher_moseley_2007;titus,features,feature,map_1
430,Mohegan-Montauk-Narragansett,,,,mohe1244,1750,carling2025diacl;asher_moseley_2007;titus,features,feature,map_1
431,Montagnais,,,,mont1268,1750,carling2025diacl;asher_moseley_2007;titus,features,feature,map_1
432,Munsee,,,,muns1251,1750,carling2025diacl;asher_moseley_2007;titus,features,feature,map_1
433,Plains Cree,,,,plai1258,1750,carling2025diacl;asher_moseley_2007;titus,features,feature,map_1
434,Potawatomi,,,,pota1247,1750,carling2025diacl;asher_moseley_2007;titus,features,feature,map_1
435,Severn Ojibwa,,,,seve1240,1750,carling2025diacl;asher_moseley_2007;titus,features,feature,map_1
436,Shawnee,,,,shaw1249,1750,carling2025diacl;asher_moseley_2007;titus,features,feature,map_1
437,Blackfoot,,,,siks1238,1750,carling2025diacl;asher_moseley_2007;titus,features,feature,map_1
438,Swampy Cree,,,,swam1239,1750,carling2025diacl;asher_moseley_2007;titus,features,feature,map_1
439,Unami,,,,unam1242,1750,carling2025diacl;titus,features,feature,map_1
440,Western Abenaki,,,,west2630,1750,carling2025diacl;asher_moseley_2007;titus,features,feature,map_1
441,Western Ojibwa,,,,west1510,1750,carling2025diacl;asher_moseley_2007,features,feature,map_1
442,Wiyot,,,,wiyo1248,1750,carling2025diacl;titus,features,feature,map_1
443,Woods Cree,,,,wood1236,1750,carling2025diacl;asher_moseley_2007;titus,features,feature,map_1
444,Yurok,,,,yuro1248,1750,carling2025diacl;asher_moseley_2007;titus,features,feature,map_1
445,Curripaco,,,,curr1243,1750,carling2025diacl;titus,features,feature,map_1
446,Maipure,,,,maip1246,1750,carling2025diacl;titus,features,feature,map_1
447,Culina,,,,culi1244,1750,carling2025diacl;titus,features,feature,map_1
448,Jamamadí,,,,jama1261,1750,carling2025diacl;titus,features,feature,map_1
449,Paumarí,,,,paum1247,1750,carling2025diacl;titus,features,feature,map_1
450,Assiniboine,,,,assi1247,1750,carling2025diacl;asher_moseley_2007;titus,features,feature,map_1
451,Catawba,,,,cata1286,1750,carling2025diacl;asher_moseley_2007;titus,features,feature,map_1
452,Crow,,,,crow1244,1750,carling2025diacl;asher_moseley_2007;titus,features,feature,map_1
453,Dakota,,,,dako1258,1750,carling2025diacl;asher_moseley_2007;titus,features,feature,map_1
454,Hidatsa,,,,hida1246,1750,carling2025diacl;asher_moseley_2007;titus,features,feature,map_1
455,Ho-Chunk,,,,hoch1243,1750,carling2025diacl;asher_moseley_2007;titus,features,feature,map_1
456,Iowa-Otoe-Missouria,,,,iowa1245,1750,carling2025diacl;asher_moseley_2007,features,feature,map_1
457,Kansa,,,,kans1243,1750,carling2025diacl;asher_moseley_2007,features,feature,map_1
458,Lakota,,,,lako1247,1750,carling2025diacl;asher_moseley_2007;titus,features,feature,map_1
459,Mandan,,,,mand1446,1750,carling2025diacl;asher_moseley_2007,features,feature,map_1
460,Omaha-Ponca,,,,omah1247,1750,carling2025diacl;asher_moseley_2007,features,feature,map_1
461,Osage,,,,osag1243,1750,carling2025diacl;asher_moseley_2007;titus,features,feature,map_1
462,Quapaw,,,,quap1242,1750,carling2025diacl;asher_moseley_2007,features,feature,map_1
463,Tutelo,,,,tute1247,1750,carling2025diacl;asher_moseley_2007;titus,features,feature,map_1
464,Tsimshian,,,,nucl1649,1750,carling2025diacl;asher_moseley_2007;titus,features,feature,map_1
465,Cubeo,,,,cube1242,1750,carling2025diacl;titus,features,feature,map_1
466,Desano,,,,desa1247,1750,carling2025diacl;titus,features,feature,map_1
467,Orejón,,,,orej1242,1750,carling2025diacl;titus,features,feature,map_1
468,Siona-Tetete,,,,sion1247,1750,carling2025diacl;titus,features,feature,map_1
469,Tatuyo,,,,tatu1247,1750,carling2025diacl;titus,features,feature,map_1
470,Cahuilla,,,,cahu1264,1750,carling2025diacl;asher_moseley_2007;titus,features,feature,map_1
471,Central Tarahumara,,,,cent2131,1750,carling2025diacl;titus,features,feature,map_1
472,Classical Nahuatl,,,,clas1250,1750,carling2025diacl;titus,features,feature,map_1
473,Comanche,,,,coma1245,1750,carling2025diacl;asher_moseley_2007;titus,features,feature,map_1
474,Eastern Huasteca Nahuatl,,,,east2538,1750,carling2025diacl;titus,features,feature,map_1
475,El Nayar Cora,,,,elna1235,1750,carling2025diacl;titus,features,feature,map_1
476,Highland Puebla Nahuatl,,,,high1278,1750,carling2025diacl;titus,features,feature,map_1
477,Hopi,,,,hopi1249,1750,carling2025diacl;asher_moseley_2007;titus,features,feature,map_1
478,Huichol,,,,huic1243,1750,carling2025diacl;titus,features,feature,map_1
479,Isthmus-Mecayapan Nahuatl,,,,isth1242,1750,carling2025diacl;titus,features,feature,map_1
480,Luiseno,,,,luis1253,1750,carling2025diacl;asher_moseley_2007;titus,features,feature,map_1
481,Mayo,,,,mayo1264,1750,carling2025diacl;titus,features,feature,map_1
482,Michoacán Nahuatl,,,,mich1245,1750,carling2025diacl;titus,features,feature,map_1
483,Mono (Numic),,,,mono1275,1750,carling2025diacl;titus,features,feature,map_1
484,Morelos Nahuatl,,,,more1259,1750,carling2025diacl;titus,features,feature,map_1
485,Northern Paiute,,,,nort2954,1750,carling2025diacl;asher_moseley_2007;titus,features,feature,map_1
486,Northern Tepehuan,,,,nort2959,1750,carling2025diacl;titus,features,feature,map_1
487,Panamint,,,,pana1305,1750,carling2025diacl;asher_moseley_2007;titus,features,feature,map_1
488,Pima Bajo,,,,pima1248,1750,carling2025diacl;asher_moseley_2007;titus,features,feature,map_1
489,Serrano,,,,serr1255,1750,carling2025diacl;asher_moseley_2007;titus,features,feature,map_1
490,Shoshoni,,,,shos1248,1750,carling2025diacl;asher_moseley_2007;titus,features,feature,map_1
491,Southeastern Tepehuan,,,,sout2976,1750,carling2025diacl;titus,features,feature,map_1
492,Tlaxcala-Puebla-Central Nahuatl,,,,cent2132,1750,carling2025diacl;titus,features,feature,map_1
493,Tohono O'odham,,,,toho1245,1750,carling2025diacl;asher_moseley_2007;titus,features,feature,map_1
494,Tübatulabal,,,,tuba1278,1750,carling2025diacl;asher_moseley_2007;titus,features,feature,map_1
495,Yaqui,,,,yaqu1251,1750,carling2025diacl;titus,features,feature,map_1
496,Ditidaht,,,,diti1235,1750,carling2025diacl;asher_moseley_2007;titus,features,feature,map_1
497,Heiltsuk-Oowekyala,,,,heil1246,1750,carling2025diacl;asher_moseley_2007,features,feature,map_1
498,Kwak'wala,,,,kwak1269,1750,carling2025diacl;asher_moseley_2007;titus,features,feature,map_1
499,Makah,,,,maka1318,1750,carling2025diacl;asher_moseley_2007;titus,features,feature,map_1
500,Nuu-chah-nulth,,,,nuuc1236,1750,carling2025diacl;asher_moseley_2007;titus,features,feature,map_1
501,Murui Huitoto,,,,muru1274,1750,carling2025diacl;titus,features,feature,map_1
502,Ninam,,,,nina1238,1750,carling2025diacl;titus,features,feature,map_1
503,Sanumá,,,,sanu1240,1750,carling2025diacl;titus,features,feature,map_1
504,Yanomám,,,,yano1262,1750,carling2025diacl;titus,features,feature,map_1
505,Southern Yukaghir,,,,sout2750,1750,carling2025diacl;asher_moseley_2007;titus,features,feature,map_1
506,Wappo,,,,wapp1239,1750,carling2025diacl;asher_moseley_2007;titus,features,feature,map_1
507,Yuki,,,,yuki1243,1750,carling2025diacl;asher_moseley_2007;titus,features,feature,map_1
508,Záparo,,,,zapa1253,1750,carling2025diacl;titus,features,feature,map_1
509,Cayuga,,,,cayu1261,1750,carling2025diacl;asher_moseley_2007;titus,features,feature,map_1
510,Cherokee,,,,cher1273,1750,carling2025diacl;asher_moseley_2007;titus,features,feature,map_1
511,Huron-Wyandot,,,,wyan1247,1750,carling2025diacl;asher_moseley_2007;titus,features,feature,map_1
512,Mohawk,,,,moha1258,1750,carling2025diacl;asher_moseley_2007;titus,features,feature,map_1
513,Nottoway,,,,nott1246,1750,carling2025diacl;asher_moseley_2007;titus,features,feature,map_1
514,Oneida,,,,onei1249,1750,carling2025diacl;asher_moseley_2007;titus,features,feature,map_1
515,Onondaga,,,,onon1246,1750,carling2025diacl;asher_moseley_2007;titus,features,feature,map_1
516,Seneca,,,,sene1264,1750,carling2025diacl;asher_moseley_2007;titus,features,feature,map_1
517,Tuscarora,,,,tusc1257,1750,carling2025diacl;asher_moseley_2007;titus,features,feature,map_1
518,Jaqaru,,,,jaqa1244,1750,carling2025diacl;titus,features,feature,map_1
519,Southern Aymara,,,,sout2996,1750,carling2025diacl;titus,features,feature,map_1
520,Aguaruna,,,,agua1253,1750,carling2025diacl;titus,features,feature,map_1
521,Huambisa,,,,huam1247,1750,carling2025diacl;titus,features,feature,map_1
522,Shuar,,,,shua1257,1750,carling2025diacl;titus,features,feature,map_1
523,Kiowa,,,,kiow1266,1750,carling2025diacl;titus,features,feature,map_1
524,Apinayé,,,,apin1244,1750,carling2025diacl;titus,features,feature,map_1
525,Canela-Krahô,,,,cane1242,1750,carling2025diacl;titus,features,feature,map_1
526,Karajá,,,,kara1500,1750,carling2025diacl;titus,features,feature,map_1
527,Kayapó,,,,kaya1330,1750,carling2025diacl;titus,features,feature,map_1
528,Nisenan,,,,nise1244,1750,carling2025diacl;asher_moseley_2007;titus,features,feature,map_1
529,Maidu,,,,nort2952,1750,carling2025diacl;asher_moseley_2007;titus,features,feature,map_1
530,Konkow,,,,nort2951,1750,carling2025diacl;asher_moseley_2007;titus,features,feature,map_1
531,Kadiwéu,,,,kadi1248,1750,carling2025diacl;titus,features,feature,map_1
532,Mocoví,,,,moco1246,1750,carling2025diacl;titus,features,feature,map_1
533,Pilagá,,,,pila1245,1750,carling2025diacl;titus,features,feature,map_1
534,Toba,,,,toba1269,1750,carling2025diacl;titus,features,feature,map_1
535,Aguacateco,,,,agua1252,1750,carling2025diacl;titus,features,feature,map_1
536,Chol,,,,chol1282,1750,carling2025diacl;titus,features,feature,map_1
537,Chortí,,,,chor1273,1750,carling2025diacl;titus,features,feature,map_1
538,Huastec,,,,huas1242,1750,carling2025diacl;titus,features,feature,map_1
539,Kekchí,,,,kekc1242,1750,carling2025diacl;titus,features,feature,map_1
540,K'iche',,,,kich1262,1750,carling2025diacl;titus,features,feature,map_1
541,Lacandon,,,,laca1243,1750,carling2025diacl;titus,features,feature,map_1
542,Mam,,,,mamm1241,1750,carling2025diacl;titus,features,feature,map_1
543,Mocho,,,,moch1257,1750,carling2025diacl;titus,features,feature,map_1
544,Poqomam,,,,poqo1253,1750,carling2025diacl;titus,features,feature,map_1
545,Poqomchi',,,,poqo1254,1750,carling2025diacl;titus,features,feature,map_1
546,Q'anjob'al,,,,qanj1241,1750,carling2025diacl;titus,features,feature,map_1
547,Tabasco Chontal,,,,taba1266,1750,carling2025diacl;titus,features,feature,map_1
548,Tzeltal,,,,tzel1254,1750,carling2025diacl;titus,features,feature,map_1
549,Tzotzil,,,,tzot1259,1750,carling2025diacl;titus,features,feature,map_1
550,Tz'utujil,,,,tzut1248,1750,carling2025diacl;titus,features,feature,map_1
551,Yucatec Maya,,,,yuca1254,1750,carling2025diacl;titus,features,feature,map_1
552,Mískito,,,,misk1235,1750,carling2025diacl;titus,features,feature,map_1
553,Coatlán Mixe,,,,coat1238,1750,carling2025diacl;titus,features,feature,map_1
554,Copainalá Zoque,,,,copa1236,1750,carling2025diacl;titus,features,feature,map_1
555,Highland Popoluca,,,,high1276,1750,carling2025diacl;titus,features,feature,map_1
556,Awa-Cuaiquer,,,,awac1239,1750,carling2025diacl;titus,features,feature,map_1
557,Cha'palaa,,,,chac1249,1750,carling2025diacl;titus,features,feature,map_1
558,Tsafiki,,,,colo1256,1750,carling2025diacl;titus,features,feature,map_1
559,Northern Emberá,,,,nort2972,1750,carling2025diacl;titus,features,feature,map_1
560,Woun Meu,,,,woun1238,1750,carling2025diacl;titus,features,feature,map_1
561,Amahuaca,,,,amah1246,1750,carling2025diacl;titus,features,feature,map_1
562,Araona,,,,arao1248,1750,carling2025diacl;titus,features,feature,map_1
563,Cashibo-Cacataibo,,,,cash1251,1750,carling2025diacl;titus,features,feature,map_1
564,Matsés,,,,mats1244,1750,carling2025diacl;titus,features,feature,map_1
565,Shipibo-Conibo,,,,ship1254,1750,carling2025diacl;titus,features,feature,map_1
566,Yaminahua,,,,yami1256,1750,carling2025diacl;titus,features,feature,map_1
567,Coast Miwok,,,,coas1301,1750,carling2025diacl;titus,features,feature,map_1
568,Nez Percé,,,,nezp1238,1750,carling2025diacl;asher_moseley_2007;titus,features,feature,map_1
569,Yakama,,,,yaki1237,1750,carling2025diacl;asher_moseley_2007;titus,features,feature,map_1
570,Yokuts,,,,yoku1256,1750,carling2025diacl;asher_moseley_2007;titus,features,feature,map_1
571,Cusco Quechua,,,,cusc1236,1750,carling2025diacl;titus,features,feature,map_1
572,South Bolivian Quechua,,,,sout2991,1750,carling2025diacl;titus,features,feature,map_1
573,Nuxalk,,,,bell1243,1750,carling2025diacl;asher_moseley_2007;titus,features,feature,map_1
574,Klallam,,,,clal1241,1750,carling2025diacl;asher_moseley_2007;titus,features,feature,map_1
575,Columbia-Wenatchi,,,,colu1241,1750,carling2025diacl;asher_moseley_2007;titus,features,feature,map_1
576,Comox,,,,como1259,1750,carling2025diacl;asher_moseley_2007;titus,features,feature,map_1
577,Cowlitz,,,,cowl1242,1750,carling2025diacl;asher_moseley_2007;titus,features,feature,map_1
578,Halkomelem,,,,halk1245,1750,carling2025diacl;asher_moseley_2007;titus,features,feature,map_1
579,Lillooet,,,,lill1248,1750,carling2025diacl;asher_moseley_2007;titus,features,feature,map_1
580,Lower Chehalis,,,,lowe1427,1750,carling2025diacl;asher_moseley_2007;titus,features,feature,map_1
581,Lushootseed,,,,lush1252,1750,carling2025diacl;asher_moseley_2007,features,feature,map_1
582,Northern Straits Salish,,,,stra1244,1750,carling2025diacl;asher_moseley_2007;titus,features,feature,map_1
583,Okanagan,,,,okan1243,1750,carling2025diacl;asher_moseley_2007;titus,features,feature,map_1
584,Quinault,,,,quin1251,1750,carling2025diacl;asher_moseley_2007;titus,features,feature,map_1
585,Sechelt,,,,sech1246,1750,carling2025diacl;asher_moseley_2007;titus,features,feature,map_1
586,Shuswap,,,,shus1248,1750,carling2025diacl;titus,features,feature,map_1
587,Squamish,,,,squa1248,1750,carling2025diacl;asher_moseley_2007;titus,features,feature,map_1
588,Nlaka'pamux,,,,thom1243,1750,carling2025diacl;asher_moseley_2007;titus,features,feature,map_1
589,Tillamook,,,,till1254,1750,carling2025diacl;asher_moseley_2007;titus,features,feature,map_1
590,Twana (Skokomish),,,,twan1247,1750,carling2025diacl;asher_moseley_2007;titus,features,feature,map_1
591,Upper Chehalis,,,,uppe1439,1750,carling2025diacl;asher_moseley_2007;titus,features,feature,map_1
592,Piaroa,,,,piar1243,1750,carling2025diacl;titus,features,feature,map_1
593,Alabama,,,,alab1237,1750,carling2025diacl;asher_moseley_2007;titus,features,feature,map_1
594,Apalachee,,,,apal1237,1750,carling2025diacl;asher_moseley_2007;titus,features,feature,map_1
595,Chickasaw,,,,chic1270,1750,carling2025diacl;asher_moseley_2007;titus,features,feature,map_1
596,Choctaw,,,,choc1276,1750,carling2025diacl;asher_moseley_2007;titus,features,feature,map_1
597,Creek,,,,cree1270,1750,carling2025diacl;asher_moseley_2007;titus,features,feature,map_1
598,Koasati,,,,koas1236,1750,carling2025diacl;asher_moseley_2007;titus,features,feature,map_1
599,Mikasuki,,,,mika1239,1750,carling2025diacl;asher_moseley_2007;titus,features,feature,map_1
600,Babine-Witsuwit'en,,,,babi1235,1750,carling2025diacl;asher_moseley_2007;titus,features,feature,map_1
601,Dane-zaa,,,,beav1236,1750,carling2025diacl;asher_moseley_2007;titus,features,feature,map_1
602,Dakelh,,,,carr1249,1750,carling2025diacl;asher_moseley_2007;titus,features,feature,map_1
603,Tsilhqot'in,,,,chil1280,1750,carling2025diacl;asher_moseley_2007;titus,features,feature,map_1
604,Chipewyan,,,,chip1261,1750,carling2025diacl;asher_moseley_2007;titus,features,feature,map_1
605,Dogrib,,,,dogr1252,1750,carling2025diacl;asher_moseley_2007,features,feature,map_1
606,Eyak,,,,eyak1241,1750,carling2025diacl;titus,features,feature,map_1
607,Gwich'in,,,,gwic1235,1750,carling2025diacl;asher_moseley_2007;titus,features,feature,map_1
608,Hupa,,,,hupa1239,1750,carling2025diacl;asher_moseley_2007;titus,features,feature,map_1
609,Jicarilla Apache,,,,jica1244,1750,carling2025diacl;asher_moseley_2007;titus,features,feature,map_1
610,Kaska,,,,kask1239,1750,carling2025diacl;asher_moseley_2007;titus,features,feature,map_1
611,Kato,,,,kato1244,1750,carling2025diacl;asher_moseley_2007;titus,features,feature,map_1
612,Koyukon,,,,koyu1237,1750,carling2025diacl;asher_moseley_2007,features,feature,map_1
613,Lower Tanana,,,,lowe1425,1750,carling2025diacl;asher_moseley_2007,features,feature,map_1
614,Mattole,,,,matt1238,1750,carling2025diacl;asher_moseley_2007;titus,features,feature,map_1
615,Mescalero-Chiricahua Apache,,,,mesc1238,1750,carling2025diacl;asher_moseley_2007;titus,features,feature,map_1
616,Navajo,,,,nava1243,1750,carling2025diacl;asher_moseley_2007;titus,features,feature,map_1
617,North Slavey,,,,nort2942,1750,carling2025diacl;asher_moseley_2007;titus,features,feature,map_1
618,Tsuutʼina,,,,sars1236,1750,carling2025diacl;asher_moseley_2007;titus,features,feature,map_1
619,Southern Tutchone,,,,sout2957,1750,carling2025diacl;asher_moseley_2007;titus,features,feature,map_1
620,Tagish,,,,tagi1240,1750,carling2025diacl;asher_moseley_2007;titus,features,feature,map_1
621,Tahltan,,,,tahl1239,1750,carling2025diacl;asher_moseley_2007;titus,features,feature,map_1
622,Tanacross,,,,tana1290,1750,carling2025diacl;asher_moseley_2007,features,feature,map_1
623,Denaʼina,,,,tana1289,1750,carling2025diacl;asher_moseley_2007,features,feature,map_1
624,Tlingit,,,,tlin1245,1750,carling2025diacl;asher_moseley_2007;titus,features,feature,map_1
625,Tolowa-Chetco,,,,tolo1259,1750,carling2025diacl;asher_moseley_2007;titus,features,feature,map_1
626,Tututni,,,,tutu1242,1750,carling2025diacl;asher_moseley_2007;titus,features,feature,map_1
627,Upper Tanana,,,,uppe1437,1750,carling2025diacl;asher_moseley_2007,features,feature,map_1
628,Wailaki,,,,wail1244,1750,carling2025diacl;asher_moseley_2007;titus,features,feature,map_1
629,Western Apache,,,,west2615,1750,carling2025diacl;asher_moseley_2007;titus,features,feature,map_1
630,Southern Nambikuára,,,,sout2994,1750,carling2025diacl;titus,features,feature,map_1
631,Zaghawa,,,,zagh1240,1750,carling2025diacl;asher_moseley_2007;titus,features,feature,map_1
632,Central Kanuri,,,,cent2050,1750,carling2025diacl;asher_moseley_2007;titus,features,feature,map_1
633,Kanembu,,,,kane1243,1750,carling2025diacl;asher_moseley_2007;titus,features,feature,map_1
634,Guerrero Amuzgo,,,,guer1243,1750,carling2025diacl;titus,features,feature,map_1
635,Mezquital Otomi,,,,mezq1235,1750,carling2025diacl;titus,features,feature,map_1
636,San Juan Atzingo Popoloca,,,,sanj1285,1750,carling2025diacl;titus,features,feature,map_1
637,Arikara,,,,arik1262,1750,carling2025diacl;titus,features,feature,map_1
638,Caddo,,,,cadd1256,1750,carling2025diacl;asher_moseley_2007;titus,features,feature,map_1
639,Pawnee,,,,pawn1254,1750,carling2025diacl;titus,features,feature,map_1
640,Wichita,,,,wich1260,1750,carling2025diacl;titus,features,feature,map_1
641,Jebero,,,,jebe1250,1750,carling2025diacl;titus,features,feature,map_1
642,Chayahuita,,,,chay1248,1750,carling2025diacl;titus,features,feature,map_1
643,Apalaí,,,,apal1257,1750,carling2025diacl;titus,features,feature,map_1
644,Galibi Carib,,,,gali1262,1750,carling2025diacl;titus,features,feature,map_1
645,Hixkaryána,,,,hixk1239,1750,carling2025diacl;titus,features,feature,map_1
646,Macushi,,,,macu1259,1750,carling2025diacl;titus,features,feature,map_1
647,Ye'kuana,,,,maqu1238,1750,carling2025diacl;titus,features,feature,map_1
648,Panare,,,,enap1235,1750,carling2025diacl;titus,features,feature,map_1
649,Trió,,,,trio1238,1750,carling2025diacl;titus,features,feature,map_1
650,Waimiri-Atroari,,,,waim1253,1750,carling2025diacl;titus,features,feature,map_1
651,Waiwai,,,,waiw1244,1750,carling2025diacl;titus,features,feature,map_1
652,Wayana,,,,waya1269,1750,carling2025diacl;titus,features,feature,map_1
653,Bagirmi,,,,bagi1246,1750,carling2025diacl;asher_moseley_2007;titus,features,feature,map_1
654,Kaba,,,,kaba1281,1750,carling2025diacl;asher_moseley_2007;titus,features,feature,map_1
655,Mbay,,,,mbay1241,1750,carling2025diacl;asher_moseley_2007;titus,features,feature,map_1
656,Ngambay,,,,ngam1268,1750,carling2025diacl;asher_moseley_2007;titus,features,feature,map_1
657,Sara Kaba Náà,,,,sara1321,1750,carling2025diacl;asher_moseley_2007;titus,features,feature,map_1
658,Arhuaco,,,,arhu1242,1750,carling2025diacl;titus,features,feature,map_1
659,Barí,,,,bari1297,1750,carling2025diacl;titus,features,feature,map_1
660,Cabécar,,,,cabe1245,1750,carling2025diacl;titus,features,feature,map_1
661,Central Tunebo,,,,cent2150,1750,carling2025diacl;titus,features,feature,map_1
662,Pech,,,,pech1241,1750,carling2025diacl;titus,features,feature,map_1
663,Rama,,,,rama1270,1750,carling2025diacl;titus,features,feature,map_1
664,San Blas Kuna,,,,sanb1242,1750,carling2025diacl;titus,features,feature,map_1
665,Chimakum,,,,chim1310,1750,carling2025diacl;asher_moseley_2007;titus,features,feature,map_1
666,Quileute,,,,quil1240,1750,carling2025diacl;asher_moseley_2007;titus,features,feature,map_1
667,Lower Chinook,,,,chin1286,1750,carling2025diacl;asher_moseley_2007;titus,features,feature,map_1
668,Kathlamet,,,,kath1253,1750,carling2025diacl;asher_moseley_2007;titus,features,feature,map_1
669,Upper Chinook,,,,wasc1239,1750,carling2025diacl;asher_moseley_2007;titus,features,feature,map_1
670,Selk'nam,,,,onaa1245,1750,carling2025diacl;titus,features,feature,map_1
671,Tehuelche,,,,tehu1242,1750,carling2025diacl;titus,features,feature,map_1
672,Chukchi,,,,chuk1273,1750,carling2025diacl;asher_moseley_2007;titus,features,feature,map_1
673,Hanis,,,,coos1249,1750,carling2025diacl;asher_moseley_2007;titus,features,feature,map_1
674,Miluk,,,,milu1241,1750,carling2025diacl;asher_moseley_2007;titus,features,feature,map_1
675,Masai,,,,masa1300,1750,carling2025diacl;asher_moseley_2007;titus,features,feature,map_1
676,Samburu,,,,samb1315,1750,carling2025diacl;asher_moseley_2007;titus,features,feature,map_1
677,Turkana,,,,turk1308,1750,carling2025diacl;titus,features,feature,map_1
678,Aleut,,,,aleu1260,1750,carling2025diacl;asher_moseley_2007;titus,features,feature,map_1
679,Central Alaskan Yupik,,,,cent2127,1750,carling2025diacl;asher_moseley_2007,features,feature,map_1
680,West Greenlandic,,,,kala1399,1750,carling2025diacl;asher_moseley_2007;titus,features,feature,map_1
681,North Alaskan Iñupiatun,,,,nort2943,1750,carling2025diacl;asher_moseley_2007,features,feature,map_1
682,Northwest Alaska Iñupiatun,,,,nort2945,1750,carling2025diacl;asher_moseley_2007,features,feature,map_1
683,Alutiiq,,,,paci1278,1750,carling2025diacl;asher_moseley_2007,features,feature,map_1
684,East Greenlandic,,,,tunu1234,1750,carling2025diacl;asher_moseley_2007;titus,features,feature,map_1
685,Cuiba,,,,cuib1242,1750,carling2025diacl;titus,features,feature,map_1
686,Guahibo,,,,guah1255,1750,carling2025diacl;titus,features,feature,map_1
687,Haida,,,,haid1248,1750,carling2025diacl;titus,features,feature,map_1
688,She,,,,shee1238,1750,carling2025diacl;titus,features,feature,map_1
689,Barbareño,,,,barb1263,1750,carling2025diacl;asher_moseley_2007;titus,features,feature,map_1
690,Ineseño,,,,ines1240,1750,carling2025diacl;asher_moseley_2007;titus,features,feature,map_1
691,Ventureño,,,,vent1242,1750,carling2025diacl;asher_moseley_2007;titus,features,feature,map_1
692,Cochimí,,,,coch1272,1750,carling2025diacl;asher_moseley_2007;titus,features,feature,map_1
693,Cocopa,,,,coco1261,1750,carling2025diacl;asher_moseley_2007;titus,features,feature,map_1
694,Havasupai-Walapai-Yavapai,,,,hava1248,1750,carling2025diacl;asher_moseley_2007;titus,features,feature,map_1
695,Ipai,,,,ipai1240,1750,carling2025diacl;asher_moseley_2007;titus,features,feature,map_1
696,Kiliwa,,,,kili1268,1750,carling2025diacl;asher_moseley_2007;titus,features,feature,map_1
697,Maricopa,,,,mari1440,1750,carling2025diacl;asher_moseley_2007;titus,features,feature,map_1
698,Mohave,,,,moha1256,1750,carling2025diacl;asher_moseley_2007;titus,features,feature,map_1
699,Paipai,,,,paip1241,1750,carling2025diacl;asher_moseley_2007;titus,features,feature,map_1
700,Quechan,,,,quec1382,1750,carling2025diacl;asher_moseley_2007;titus,features,feature,map_1
701,Tipai,,,,kumi1248,1750,carling2025diacl;titus,features,feature,map_1
702,Achumawi,,,,achu1247,1750,carling2025diacl;asher_moseley_2007;titus,features,feature,map_1
703,Ayoreo,,,,ayor1240,1750,carling2025diacl;titus,features,feature,map_1
704,Bora,,,,bora1263,1750,carling2025diacl;titus,features,feature,map_1
705,Borôro,,,,boro1282,1750,carling2025diacl;titus,features,feature,map_1
706,Burushaski,,,,buru1296,1750,carling2025diacl;titus,features,feature,map_1
707,Fulniô,,,,fuln1247,1750,carling2025diacl;titus,features,feature,map_1
708,Fur,,,,furr1244,1750,carling2025diacl;titus,features,feature,map_1
709,Ket,,,,kett1243,1750,carling2025diacl;asher_moseley_2007;titus,features,feature,map_1
710,Klamath-Modoc,,,,klam1254,1750,carling2025diacl;asher_moseley_2007;titus,features,feature,map_1
711,Kunama,,,,kuna1268,1750,carling2025diacl;asher_moseley_2007;titus,features,feature,map_1
712,Mapudungun,,,,mapu1245,1750,carling2025diacl;titus,features,feature,map_1
713,Trumai,,,,trum1247,1750,carling2025diacl;titus,features,feature,map_1
714,Uru-Chipaya,,,,uruu1244,1750,carling2025diacl;titus,features,feature,map_1
715,Washo,,,,wash1253,1750,carling2025diacl;asher_moseley_2007;titus,features,feature,map_1
716,Yagua,,,,yagu1244,1750,carling2025diacl;titus,features,feature,map_1
717,Yahgan,,,,yama1264,1750,carling2025diacl;titus,features,feature,map_1
718,Yana,,,,yana1271,1750,carling2025diacl;asher_moseley_2007;titus,features,feature,map_1
719,Quechua Santiago del Éstero,,,,sant1432,1750,carling2025diacl;titus,features,feature,map_1
720,Callawaya,,,,call1235,1750,carling2025diacl;titus,features,feature,map_1
721,Puquina,,,,puqu1242,1750,carling2025diacl;titus,features,feature,map_1
722,Atacameño,,,,,1750,carling2025diacl;titus,features,feature,map_1
723,Huilliche,,,,huil1244,1750,carling2025diacl;titus,features,feature,map_1
724,Qawasqar,,,,,1750,carling2025diacl;titus,features,feature,map_1
725,Huarpe,,,,huar1251,1750,carling2025diacl;titus,features,feature,map_1
726,Charrúa,,,,char1240,1750,carling2025diacl;titus,features,feature,map_1
727,Kaingang,,,,,1750,carling2025diacl;titus,features,feature,map_1
728,Puelche,,,,,1750,carling2025diacl;titus,features,feature,map_1
729,Pai-Tavyterá,,,,,1750,carling2025diacl;titus,features,feature,map_1
730,Aché-Guayakí,,,,,1750,carling2025diacl;titus,features,feature,map_1
731,Mak'a,,,,,1750,carling2025diacl;titus,features,feature,map_1
732,Niwaklé,,,,,1750,carling2025diacl;titus,features,feature,map_1
733,Chorotí,,,,,1750,carling2025diacl;titus,features,feature,map_1
734,Itené,,,,,1750,carling2025diacl;titus,features,feature,map_1
735,Ofayé,,,,,1750,carling2025diacl;titus,features,feature,map_1
736,Carirí,,,,kari1254,1750,carling2025diacl;titus,features,feature,map_1
737,Shebayo,,,,,1750,carling2025diacl;titus,features,feature,map_1
738,Kogi,,,,cogu1240,1750,carling2025diacl;titus,features,feature,map_1
739,Ese'ejja,,,,esee1248,1750,carling2025diacl;titus,features,feature,map_1
740,Lengua-Mascoy,,,,,1750,carling2025diacl;titus,features,feature,map_1
741,Guató,,,,,1750,carling2025diacl;titus,features,feature,map_1
742,Xavánte,,,,xava1240,1750,carling2025diacl;titus,features,feature,map_1
743,Xerente,,,,xere1240,1750,carling2025diacl;titus,features,feature,map_1
744,Paunaca,,,,paun1241,1750,carling2025diacl;titus,features,feature,map_1
745,Marawan,,,,mara1408,1750,carling2025diacl;titus,features,feature,map_1
746,Bermejo Wichí,,,,wich1263,1750,carling2025diacl;titus,features,feature,map_1
747,Maxakalí,,,,maxa1247,1750,carling2025diacl;titus,features,feature,map_1
748,Botocudo,,,,kren1239,1750,carling2025diacl;titus,features,feature,map_1
749,Kamakã,,,,kama1372,1750,carling2025diacl;titus,features,feature,map_1
750,Manao,,,,mana1299,1750,carling2025diacl;titus,features,feature,map_1
751,Warao,,,,wara1303,1750,carling2025diacl;titus,features,feature,map_1
752,Yanomamö,,,,yano1261,1750,carling2025diacl;titus,features,feature,map_1
753,Saraveca,,,,sara1331,1750,carling2025diacl;titus,features,feature,map_1
754,Bakairí,,,,baka1277,1750,carling2025diacl;titus,features,feature,map_1
755,Pemón,,,,,1750,carling2025diacl;titus,features,feature,map_1
756,Guayabero,,,,,1750,carling2025diacl;titus,features,feature,map_1
757,Carijona,,,,,1750,carling2025diacl;titus,features,feature,map_1
758,Secoya,,,,,1750,carling2025diacl;titus,features,feature,map_1
759,Achuar,,,,,1750,carling2025diacl;titus,features,feature,map_1
760,Candoshi,,,,,1750,carling2025diacl;titus,features,feature,map_1
761,Urarina,,,,,1750,carling2025diacl;titus,features,feature,map_1
762,Auishiri,,,,,1750,carling2025diacl;titus,features,feature,map_1
763,Sabela,,,,,1750,carling2025diacl;titus,features,feature,map_1
764,Cofán,,,,,1750,carling2025diacl;titus,features,feature,map_1
765,Páez,,,,,1750,carling2025diacl;titus,features,feature,map_1
766,Guambiano,,,,,1750,carling2025diacl;titus,features,feature,map_1
767,Gamela,,,,,1750,carling2025diacl;titus,features,feature,map_1
768,Tarairiu,,,,tara1303,1750,carling2025diacl;titus,features,feature,map_1
769,Atorai,,,,,1750,carling2025diacl;titus,features,feature,map_1
770,Hoti,,,,,1750,carling2025diacl;titus,features,feature,map_1
771,Sáliva,,,,,1750,carling2025diacl;titus,features,feature,map_1
772,Andoque,,,,ando1254,1750,carling2025diacl;titus,features,feature,map_1
773,Minica Huitoto,,,,,1750,carling2025diacl;titus,features,feature,map_1
774,Ocaína,,,,,1750,carling2025diacl;titus,features,feature,map_1
775,Pirahã,,,,,1750,carling2025diacl;titus,features,feature,map_1
776,Rikbatsá,,,,,1750,carling2025diacl;titus,features,feature,map_1
777,Coreguaje,,,,,1750,carling2025diacl;titus,features,feature,map_1
778,Tuyuca,,,,,1750,carling2025diacl;titus,features,feature,map_1
779,Macuna,,,,,1750,carling2025diacl;titus,features,feature,map_1
780,Yabaâna,,,,,1750,carling2025diacl;titus,features,feature,map_1
781,Wirina,,,,uiri1238,1750,carling2025diacl;titus,features,feature,map_1
782,Apolista,,,,apol1242,1750,carling2025diacl;titus,features,feature,map_1
783,Araua,,,,arua1264,1750,carling2025diacl;titus,features,feature,map_1
784,Mapidian,,,,,1750,carling2025diacl;titus,features,feature,map_1
785,Pasé,,,,pass1250,1750,carling2025diacl;titus,features,feature,map_1
786,Cayuishana,,,,kais1242,1750,carling2025diacl;titus,features,feature,map_1
787,Waraicu,,,,arai1239,1750,carling2025diacl;titus,features,feature,map_1
788,Katukina,,,,katu1274,1750,carling2025diacl;titus,features,feature,map_1
789,Arauá,,,,,1750,carling2025diacl;titus,features,feature,map_1
790,Marawa,,,,mara1409,1750,carling2025diacl;titus,features,feature,map_1
791,Catuqina do Acre,,,,,1750,carling2025diacl;titus,features,feature,map_1
792,Pacahuara,,,,,1750,carling2025diacl;titus,features,feature,map_1
793,Marúbo,,,,,1750,carling2025diacl;titus,features,feature,map_1
794,Macu,,,,,1750,carling2025diacl;titus,features,feature,map_1
795,Catío,,,,,1750,carling2025diacl;titus,features,feature,map_1
796,Chimila,,,,,1750,carling2025diacl;titus,features,feature,map_1
797,Quimbaya,,,,,1750,carling2025diacl;titus,features,feature,map_1
798,Yurumanguí,,,,yuru1243,1750,carling2025diacl;titus,features,feature,map_1
799,Yucpa,,,,,1750,carling2025diacl;titus,features,feature,map_1
800,Jirajara,,,,jira1235,1750,carling2025diacl;titus,features,feature,map_1
801,Timote,,,,timo1237,1750,carling2025diacl;titus,features,feature,map_1
802,Guamo,,,,guam1236,1750,carling2025diacl;titus,features,feature,map_1
803,Otomaco,,,,otom1301,1750,carling2025diacl;titus,features,feature,map_1
804,Yaruro,,,,,1750,carling2025diacl;titus,features,feature,map_1
805,Manajé,,,,,1750,carling2025diacl;titus,features,feature,map_1
806,Pankarurú,,,,,1750,carling2025diacl;titus,features,feature,map_1
807,Xukuru,,,,,1750,carling2025diacl;titus,features,feature,map_1
808,Huamoi,,,,,1750,carling2025diacl;titus,features,feature,map_1
809,Tushá,,,,,1750,carling2025diacl;titus,features,feature,map_1
810,Katembri,,,,,1750,carling2025diacl;titus,features,feature,map_1
811,Puri-Coroado,,,,coro1249,1750,carling2025diacl;titus,features,feature,map_1
812,Txikāo,,,,,1750,carling2025diacl;titus,features,feature,map_1
813,Suyá,,,,,1750,carling2025diacl;titus,features,feature,map_1
814,Geico,,,,geic1236,1750,carling2025diacl;titus,features,feature,map_1
815,Chané,,,,,1750,carling2025diacl;titus,features,feature,map_1
816,Guaná,,,,,1750,carling2025diacl;titus,features,feature,map_1
817,Zamuco,,,,zamu1245,1750,carling2025diacl;titus,features,feature,map_1
818,Esmeralda,,,,,1750,carling2025diacl;titus,features,feature,map_1
819,Kamsá,,,,,1750,carling2025diacl;titus,features,feature,map_1
820,Andoquí,,,,,1750,carling2025diacl;titus,features,feature,map_1
821,Quingnam,,,,quig1235,1750,carling2025diacl;titus,features,feature,map_1
822,Muchik,,,,,1750,carling2025diacl;titus,features,feature,map_1
823,Sec,,,,,1750,carling2025diacl;titus,features,feature,map_1
824,Muniche,,,,,1750,carling2025diacl;titus,features,feature,map_1
825,Hibito-Cholón,,,,hibi1242,1750,carling2025diacl;titus,features,feature,map_1
826,Culli,,,,cull1235,1750,carling2025diacl;titus,features,feature,map_1
827,Vilela,,,,,1750,carling2025diacl;titus,features,feature,map_1
828,Canichana,,,,,1750,carling2025diacl;titus,features,feature,map_1
829,Western Bolivian Paraguay,,,,,1750,carling2025diacl;titus,features,feature,map_1
830,Otuké,,,,,1750,carling2025diacl;titus,features,feature,map_1
831,Mehináku,,,,,1750,carling2025diacl;titus,features,feature,map_1
832,Gorgotoqui,,,,,1750,carling2025diacl;titus,features,feature,map_1
833,Puinave,,,,,1750,carling2025diacl;titus,features,feature,map_1
834,Macaguane,,,,,1750,carling2025diacl;titus,features,feature,map_1
835,Sapé,,,,,1750,carling2025diacl;titus,features,feature,map_1
836,Awaké,,,,,1750,carling2025diacl;titus,features,feature,map_1
837,Kukura,,,,,1750,carling2025diacl;titus,features,feature,map_1
838,Taruma,,,,,1750,carling2025diacl;titus,features,feature,map_1
839,Bane,,,,,1750,carling2025diacl;titus,features,feature,map_1
840,Lule,,,,,1750,carling2025diacl;titus,features,feature,map_1
841,Cuniba,,,,,1750,carling2025diacl;titus,features,feature,map_1
842,Ticuna,,,,,1750,carling2025diacl;titus,features,feature,map_1
843,Yuri,,,,,1750,carling2025diacl;titus,features,feature,map_1
844,Wainuma,,,,,1750,carling2025diacl;titus,features,feature,map_1
845,Guarú,,,,,1750,carling2025diacl;titus,features,feature,map_1
846,Capón,,,,,1750,carling2025diacl;titus,features,feature,map_1
847,Nahukuá,,,,,1750,carling2025diacl;titus,features,feature,map_1
848,Chapacura,,,,,1750,carling2025diacl;titus,features,feature,map_1
849,Urupá,,,,,1750,carling2025diacl;titus,features,feature,map_1
850,Irantxe,,,,,1750,carling2025diacl;titus,features,feature,map_1
851,Matanawí,,,,,1750,carling2025diacl;titus,features,feature,map_1
852,Bocota,,,,bugl1243,1750,carling2025diacl;titus,features,feature,map_1
853,Guaimi,,,,ngab1239,1750,carling2025diacl;titus,features,feature,map_1
854,Bribri,,,,brib1243,1750,carling2025diacl;titus,features,feature,map_1
855,Guatuso,,,,male1297,1750,carling2025diacl;titus,features,feature,map_1
856,Matagalpa,,,,mata1288,1750,carling2025diacl;titus,features,feature,map_1
857,Sumo,,,,maya1285,1750,carling2025diacl;titus,features,feature,map_1
858,Zapotec,,,,zapo1436,1750,carling2025diacl;titus,features,feature,map_1
859,Chinantec,,,,chin1484,1750,carling2025diacl;titus,features,feature,map_1
860,Totonac,,,,toto1252,1750,carling2025diacl;titus,features,feature,map_1
861,Mixtec,,,,mixt1427,1750,carling2025diacl;titus,features,feature,map_1
862,Tcholabal,,,,tojo1241,1750,carling2025diacl;titus,features,feature,map_1
863,Mazahua,,,,cent2144,1750,carling2025diacl;titus,features,feature,map_1
864,Xincan,,,,xinc1237,1750,carling2025diacl;titus,features,feature,map_1
865,Tlapanec,,,,subt1249,1750,carling2025diacl;titus,features,feature,map_1
866,Tarasca,,,,tara1323,1750,carling2025diacl;titus,features,feature,map_1
867,Lenca,,,,lenc1239,1750,carling2025diacl;titus,features,feature,map_1
868,Uspantec,,,,uspa1245,1750,carling2025diacl;titus,features,feature,map_1
869,Achi,,,,achi1256,1750,carling2025diacl;titus,features,feature,map_1
870,Na-Dené,,,,atha1245,1750,carling2025diacl;titus,features,feature,map_1
871,Iroquian,,,,iroq1247,1750,carling2025diacl;titus,features,feature,map_1
872,Beothuk,,,,beot1247,1750,carling2025diacl;titus,features,feature,map_1
873,Degexit'an,,,,dege1248,1750,carling2025diacl;asher_moseley_2007,features,feature,map_1
874,Ahtna,,,,ahte1237,1750,carling2025diacl;asher_moseley_2007,features,feature,map_1
875,Muskogean,,,,musk1252,1750,carling2025diacl;titus,features,feature,map_1
876,South Slavey,,,,sout2959,1750,carling2025diacl;asher_moseley_2007;titus,features,feature,map_1
877,Han,,,,hann1241,1750,carling2025diacl;asher_moseley_2007,features,feature,map_1
878,Holicachuk,,,,holi1241,1750,carling2025diacl;asher_moseley_2007,features,feature,map_1
879,Sekani,,,,seka1250,1750,carling2025diacl;asher_moseley_2007,features,feature,map_1
880,Tsetsaut,,,,tset1236,1750,carling2025diacl;asher_moseley_2007,features,feature,map_1
881,Northern Tutchone,,,,nort2941,1750,carling2025diacl;asher_moseley_2007,features,feature,map_1
882,Upper Kuskokwim,,,,uppe1438,1750,carling2025diacl;asher_moseley_2007,features,feature,map_1
883,Haisla,,,,hais1244,1750,carling2025diacl;asher_moseley_2007,features,feature,map_1
884,Naskapi,,,,nask1242,1750,carling2025diacl;asher_moseley_2007;titus,features,feature,map_1
885,East Cree,,,,cree1272,1750,carling2025diacl;asher_moseley_2007;titus,features,feature,map_1
886,Pentlacht,,,,pent1242,1750,carling2025diacl;asher_moseley_2007;titus,features,feature,map_1
887,Laurentian,,,,laur1250,1750,carling2025diacl;asher_moseley_2007;titus,features,feature,map_1
888,Wenro,,,,wenr1236,1750,carling2025diacl;asher_moseley_2007;titus,features,feature,map_1
889,Erie,,,,erie1238,1750,carling2025diacl;asher_moseley_2007;titus,features,feature,map_1
890,Neutral,,,,neut1237,1750,carling2025diacl;asher_moseley_2007;titus,features,feature,map_1
891,Susquehannock,,,,susq1241,1750,carling2025diacl;asher_moseley_2007;titus,features,feature,map_1
892,Timucua,,,,timu1245,1750,carling2025diacl;asher_moseley_2007;titus,features,feature,map_1
893,Natchez,,,,natc1249,1750,carling2025diacl;asher_moseley_2007;titus,features,feature,map_1
894,Alsea,,,,alse1251,1750,carling2025diacl;asher_moseley_2007;titus,features,feature,map_1
895,Central Kalapuyan,,,,kala1400,1750,carling2025diacl;asher_moseley_2007;titus,features,feature,map_1
896,Cruzeño,,,,cruz1243,1750,carling2025diacl;asher_moseley_2007;titus,features,feature,map_1
897,Mahican,,,,mahi1248,1750,carling2025diacl;asher_moseley_2007;titus,features,feature,map_1
898,Nanticoke,,,,nant1249,1750,carling2025diacl;asher_moseley_2007;titus,features,feature,map_1
899,Obispeño,,,,obis1242,1750,carling2025diacl;asher_moseley_2007;titus,features,feature,map_1
900,Purisimeño,,,,puri1259,1750,carling2025diacl;asher_moseley_2007;titus,features,feature,map_1
901,Siuslaw,,,,sius1254,1750,carling2025diacl;asher_moseley_2007;titus,features,feature,map_1
902,Tualatin-Yamhill,,,,tual1242,1750,carling2025diacl;asher_moseley_2007;titus,features,feature,map_1
903,Upper Umpqua,,,,uppe1436,1750,carling2025diacl;asher_moseley_2007;titus,features,feature,map_1
904,Yaquina,,,,yaqu1250,1750,carling2025diacl;titus,features,feature,map_1
905,Yoncalla,,,,yonc1234,1750,carling2025diacl;asher_moseley_2007;titus,features,feature,map_1
906,Wintu,,,,wint1259,1750,carling2025diacl;asher_moseley_2007;titus,features,feature,map_1
907,Karok,,,,karo1304,1750,carling2025diacl;asher_moseley_2007;titus,features,feature,map_1
908,Takelma,,,,take1257,1750,carling2025diacl;asher_moseley_2007;titus,features,feature,map_1
909,Sahaptin,,,,sout1502,1750,carling2025diacl;asher_moseley_2007;titus,features,feature,map_1
910,Kalipsel,,,,kali1307,1750,carling2025diacl;asher_moseley_2007;titus,features,feature,map_1
911,Kutenai,,,,kute1249,1750,carling2025diacl;asher_moseley_2007;titus,features,feature,map_1
912,Kwalhioqua,,,,kwal1258,1750,carling2025diacl;asher_moseley_2007;titus,features,feature,map_1
913,Salinan,,,,sali1253,1750,carling2025diacl;asher_moseley_2007;titus,features,feature,map_1
914,Tongva,,,,tong1329,1750,carling2025diacl;asher_moseley_2007;titus,features,feature,map_1
915,Zuni,,,,zuni1245,1750,carling2025diacl;asher_moseley_2007;titus,features,feature,map_1
916,Wampano,,,,wamp1250,1750,carling2025diacl;asher_moseley_2007;titus,features,feature,map_1
917,Southern Paiute,,,,sout2969,1750,carling2025diacl;asher_moseley_2007;titus,features,feature,map_1
918,Chemehuevi,,,,chem1251,1750,carling2025diacl;asher_moseley_2007;titus,features,feature,map_1
919,Ute,,,,utee1244,1750,carling2025diacl;asher_moseley_2007;titus,features,feature,map_1
920,Seri,,,,seri1257,1750,carling2025diacl;asher_moseley_2007;titus,features,feature,map_1
921,Etchemin,,,,,1750,carling2025diacl;asher_moseley_2007;titus,features,feature,map_1
922,Carolinan Algonquian,,,,caro1243,1750,carling2025diacl;asher_moseley_2007;titus,features,feature,map_1
923,Powhatan,,,,powh1243,1750,carling2025diacl;asher_moseley_2007;titus,features,feature,map_1
924,Pericú,,,,peri1250,1750,carling2025diacl;asher_moseley_2007,features,feature,map_1
925,Monqui,,,,,1750,carling2025diacl;asher_moseley_2007,features,feature,map_1
926,Guaicura,,,,,1750,carling2025diacl;asher_moseley_2007,features,feature,map_1
927,Huchití,,,,,1750,carling2025diacl;asher_moseley_2007,features,feature,map_1
928,Algic,,,,algi1248,1750,carling2025diacl;titus,features,feature,map_1
929,Nivkh,,,,gily1242,1750,carling2025diacl;asher_moseley_2007;titus,features,feature,map_1
930,Koryak,,,,kory1246,1750,carling2025diacl;asher_moseley_2007;titus,features,feature,map_1
931,Shor,,,,shor1247,1750,carling2025diacl;asher_moseley_2007;titus,features,feature,map_1
932,Kola Sami,,,,kild1236,1750,carling2025diacl;asher_moseley_2007;titus,features,feature,map_1
933,Karelian,,,,kare1335,1750,carling2025diacl;asher_moseley_2007;titus,features,feature,map_1
934,Moksha,,,,moks1248,1750,carling2025diacl;asher_moseley_2007;titus,features,feature,map_1
935,Oroch,,,,oroc1248,1750,carling2025diacl;asher_moseley_2007;titus,features,feature,map_1
936,Salar,,,,sala1264,1750,carling2025diacl;titus,features,feature,map_1
937,Mienic,,,,mien1242,1750,carling2025diacl;titus,features,feature,map_1
938,Hmongic,,,,hmon1337,1750,carling2025diacl;titus,features,feature,map_1
939,Naxi,,,,naxi1245,1750,carling2025diacl;titus,features,feature,map_1
940,Zhuang,,,,nort3180,1750,carling2025diacl;titus,features,feature,map_1
941,Hani,,,,hani1248,1750,carling2025diacl;titus,features,feature,map_1
942,Yazgulyami,,,,yazg1240,1750,carling2025diacl;titus,features,feature,map_1
943,Ishkashimi,,,,ishk1246,1750,carling2025diacl;titus,features,feature,map_1
944,Munji,,,,munj1244,1750,carling2025diacl;titus,features,feature,map_1
945,Yidgha,,,,yidg1240,1750,carling2025diacl;titus,features,feature,map_1
946,Khoe-Kwadi,,,,khoe1240,1750,carling2025diacl;asher_moseley_2007;titus,features,feature,map_1
947,Western Canadian Inuktitut,,,,west2618,1750,carling2025diacl;asher_moseley_2007;titus,features,feature,map_1
948,Eastern Canadian Inuktitut,,,,east2534,1750,carling2025diacl;titus,features,feature,map_1
949,Taa-!Kwi,,,,tuuu1241,1750,carling2025diacl;titus,features,feature,map_1
950,Kx'a,,,,kxaa1236,1750,carling2025diacl;asher_moseley_2007;titus,features,feature,map_1
951,Berber,,,,berb1260,1750,carling2025diacl;titus,features,feature,map_1
952,Cushitic,,,,cush1243,1750,carling2025diacl;titus,features,feature,map_1
953,Oromoid,,,,nucl1701,1750,carling2025diacl;asher_moseley_2007;titus,features,feature,map_1
954,Omotic,,,,,1750,carling2025diacl;asher_moseley_2007;titus,features,feature,map_1
955,Arabic,,,,arab1395,1750,carling2025diacl;titus,features,feature,map_1
956,Songhay,,,,song1307,1750,carling2025diacl;titus,features,feature,map_1
957,Nilotic,,,,nilo1247,1750,carling2025diacl;asher_moseley_2007;titus,features,feature,map_1
958,Nubian,,,,nubi1251,1750,carling2025diacl;titus,features,feature,map_1
959,Maban,,,,maba1276,1750,carling2025diacl;asher_moseley_2007;titus,features,feature,map_1
960,Chokwe,,,,,1750,carling2025diacl;asher_moseley_2007;titus,features,feature,map_1
961,Kimbundu,,,,,1750,carling2025diacl;asher_moseley_2007;titus,features,feature,map_1
962,Banda-Yangere,,,,,1750,carling2025diacl;asher_moseley_2007;titus,features,feature,map_1
963,Mbanza,,,,,1750,carling2025diacl;asher_moseley_2007;titus,features,feature,map_1
964,Luimbi,,,,,1750,carling2025diacl;asher_moseley_2007;titus,features,feature,map_1
965,Shanjo,,,,,1750,carling2025diacl;asher_moseley_2007;titus,features,feature,map_1
966,Sala,,,,,1750,carling2025diacl;asher_moseley_2007;titus,features,feature,map_1
967,Lundwe,,,,,1750,carling2025diacl;asher_moseley_2007;titus,features,feature,map_1
968,Tongwe,,,,,1750,carling2025diacl;asher_moseley_2007;titus,features,feature,map_1
969,Kimbu,,,,,1750,carling2025diacl;asher_moseley_2007;titus,features,feature,map_1
970,Kota,,,,kota1274,1750,carling2025diacl;asher_moseley_2007;titus,features,feature,map_1
971,Mbesa,,,,mbes1238,1750,carling2025diacl;asher_moseley_2007;titus,features,feature,map_1
972,Ngando,,,,ngan1302,1750,carling2025diacl;asher_moseley_2007;titus,features,feature,map_1
973,Ndendeule,,,,,1750,carling2025diacl;asher_moseley_2007;titus,features,feature,map_1
974,Hehe,,,,,1750,carling2025diacl;asher_moseley_2007;titus,features,feature,map_1
975,Ngbaka-Ma'bo,,,,,1750,carling2025diacl;asher_moseley_2007;titus,features,feature,map_1
976,Ngbaka-Manza,,,,,1750,carling2025diacl;asher_moseley_2007;titus,features,feature,map_1
977,Monzombo,,,,,1750,carling2025diacl;asher_moseley_2007;titus,features,feature,map_1
978,Vidunda,,,,vidu1238,1750,carling2025diacl;asher_moseley_2007;titus,features,feature,map_1
979,Sagala,,,,saga1256,1750,carling2025diacl;asher_moseley_2007;titus,features,feature,map_1
980,Biseni-Okordia,,,,bise1239,1750,carling2025diacl;asher_moseley_2007;titus,features,feature,map_1
981,Ibani,,,,iban1261,1750,carling2025diacl;asher_moseley_2007;titus,features,feature,map_1
982,Kirike,,,,kiri1254,1750,carling2025diacl;asher_moseley_2007;titus,features,feature,map_1
983,Guere,,,,guer1240,1750,carling2025diacl;asher_moseley_2007;titus,features,feature,map_1
984,Bakwé,,,,bakw1243,1750,carling2025diacl;asher_moseley_2007;titus,features,feature,map_1
985,Bassa,,,,nucl1418,1750,carling2025diacl;asher_moseley_2007;titus,features,feature,map_1
986,Kuwaa,,,,kuwa1247,1750,carling2025diacl;asher_moseley_2007;titus,features,feature,map_1
987,Nyarafolo Senoufo,,,,,1750,carling2025diacl;asher_moseley_2007;titus,features,feature,map_1
988,Palaka Senoufo,,,,,1750,carling2025diacl;asher_moseley_2007;titus,features,feature,map_1
989,Senari,,,,,1750,carling2025diacl;asher_moseley_2007;titus,features,feature,map_1
990,Tagwana Senoufo,,,,,1750,carling2025diacl;asher_moseley_2007;titus,features,feature,map_1
991,Djimini Senoufo,,,,,1750,carling2025diacl;asher_moseley_2007;titus,features,feature,map_1
992,Soninke,,,,soni1259,1750,carling2025diacl;asher_moseley_2007;titus,features,feature,map_1
993,Téén,,,,teen1242,1750,carling2025diacl;asher_moseley_2007;titus,features,feature,map_1
994,Bondoukou Kulango,,,,bond1246,1750,carling2025diacl;asher_moseley_2007;titus,features,feature,map_1
995,Bouna Kulango,,,,boun1243,1750,carling2025diacl;asher_moseley_2007;titus,features,feature,map_1
996,Kuranko,,,,kura1250,1750,carling2025diacl;asher_moseley_2007;titus,features,feature,map_1
997,Konyanka Maninka,,,,kony1250,1750,carling2025diacl;asher_moseley_2007;titus,features,feature,map_1
998,Fang,,,,fang1246,1750,carling2025diacl;asher_moseley_2007;titus,features,feature,map_1
999,Gbaya-Toongo,,,,,1750,carling2025diacl;asher_moseley_2007;titus,features,feature,map_1
1000,Gbaya-Biyanda,,,,,1750,carling2025diacl;asher_moseley_2007;titus,features,feature,map_1
1001,Buduma,,,,budu1265,1750,carling2025diacl;asher_moseley_2007;titus,features,feature,map_1
1002,Putai,,,,puta1243,1750,carling2025diacl;asher_moseley_2007;titus,features,feature,map_1
1003,Wojenaka,,,,woje1238,1750,carling2025diacl;titus,features,feature,map_1
1004,Limba,,,,limb1267,1750,carling2025diacl;asher_moseley_2007;titus,features,feature,map_1
1005,Dogon,,,,dogo1299,1750,carling2025diacl;asher_moseley_2007;titus,features,feature,map_1
1006,Nuni,,,,nuni1253,1750,carling2025diacl;asher_moseley_2007;titus,features,feature,map_1
1007,Lyélé,,,,lyel1241,1750,carling2025diacl;titus,features,feature,map_1
1008,Mampruli,,,,mamp1244,1750,carling2025diacl;asher_moseley_2007;titus,features,feature,map_1
1009,Konkomba,,,,konk1269,1750,carling2025diacl;asher_moseley_2007;titus,features,feature,map_1
1010,Marka,,,,mark1256,1750,carling2025diacl;asher_moseley_2007;titus,features,feature,map_1
1011,Mande Samo,,,,mand1437,1750,carling2025diacl;asher_moseley_2007;titus,features,feature,map_1
1012,Bomu,,,,bomu1247,1750,carling2025diacl;asher_moseley_2007;titus,features,feature,map_1
1013,TIikar,,,,tika1246,1750,carling2025diacl;asher_moseley_2007;titus,features,feature,map_1
1014,Mambila,,,,mamb1312,1750,carling2025diacl;asher_moseley_2007;titus,features,feature,map_1
1015,Bokoto,,,,boko1261,1750,carling2025diacl;asher_moseley_2007;titus,features,feature,map_1
1016,Mbum,,,,mbum1254,1750,carling2025diacl;asher_moseley_2007;titus,features,feature,map_1
1017,Gbanu,,,,gban1260,1750,carling2025diacl;asher_moseley_2007;titus,features,feature,map_1
1018,Bata,,,,bata1314,1750,carling2025diacl;asher_moseley_2007;titus,features,feature,map_1
1019,Suma,,,,suma1264,1750,carling2025diacl;asher_moseley_2007;titus,features,feature,map_1
1020,Marba,,,,marb1239,1750,carling2025diacl;asher_moseley_2007;titus,features,feature,map_1
1021,Musey,,,,muse1242,1750,carling2025diacl;asher_moseley_2007;titus,features,feature,map_1
1022,Mesme,,,,mesm1239,1750,carling2025diacl;asher_moseley_2007;titus,features,feature,map_1
1023,Surmic,,,,surm1244,1750,carling2025diacl;asher_moseley_2007;titus,features,feature,map_1
1024,Ethiopic,,,,ethi1244,1750,carling2025diacl;asher_moseley_2007;titus,features,feature,map_1
1025,Ilwana,,,,ilwa1237,1750,carling2025diacl;asher_moseley_2007;titus,features,feature,map_1
1026,Pokomo,,,,poko1261,1750,carling2025diacl;asher_moseley_2007;titus,features,feature,map_1
1027,Mijikenda,,,,miji1238,1750,carling2025diacl;asher_moseley_2007;titus,features,feature,map_1
1028,Seuta,,,,seut1234,1750,carling2025diacl;asher_moseley_2007;titus,features,feature,map_1
1029,Ruvu,,,,ruvu1235,1750,carling2025diacl;asher_moseley_2007;titus,features,feature,map_1
1030,Tooro,,,,toor1238,1750,carling2025diacl;asher_moseley_2007;titus,features,feature,map_1
1031,Sukuma,,,,suku1261,1750,carling2025diacl;asher_moseley_2007;titus,features,feature,map_1
1032,Luyia,,,,luyi1234,1750,carling2025diacl;asher_moseley_2007;titus,features,feature,map_1
1033,Ikoma-Nata,,,,ikom1245,1750,carling2025diacl;asher_moseley_2007;titus,features,feature,map_1
1034,Sumbwa,,,,sumb1240,1750,carling2025diacl;asher_moseley_2007;titus,features,feature,map_1
1035,Moru-Madi,,,,moru1252,1750,carling2025diacl;asher_moseley_2007;titus,features,feature,map_1
1036,Mangbutu-Efe,,,,mang1425,1750,carling2025diacl;asher_moseley_2007;titus,features,feature,map_1
1037,Mangbetu-Asua,,,,mang1393,1750,carling2025diacl;asher_moseley_2007;titus,features,feature,map_1
1038,Burunge,,,,buru1320,1750,carling2025diacl;asher_moseley_2007;titus,features,feature,map_1
1039,Gbaya-Bozoum,,,,gbay1286,1750,carling2025diacl;asher_moseley_2007;titus,features,feature,map_1
1040,Northern Ngbandi,,,,nort2774,1750,carling2025diacl;asher_moseley_2007;titus,features,feature,map_1
1041,Mbangi,,,,,1750,carling2025diacl;asher_moseley_2007;titus,features,feature,map_1
