ID,Name,Macroarea,Latitude,Longitude,Glottocode,ISO639P3code,Feature_IDs,Glottolog_Languoid_Level,Family,Speaker_Area
chem1251,Chemehuevi,,35.356093,-116.438436,chem1251,,918,dialect,Uto-Aztecan,dialects
croa1245,Croatian Standard,,45.555,15.982,croa1245,,46,dialect,Indo-European,dialects
east2821,Eastern Herzegovinian Shtokavian,,,,east2821,,46 47,dialect,Indo-European,dialects
elfd1234,Elfdalian,,,,elfd1234,,58,dialect,Indo-European,dialects
kuru1302,Indian Kurux,,24.4644,86.4657,kuru1302,,218,dialect,Dravidian,dialects
maip1246,Maipure,,4.8,-67.5,maip1246,,446,dialect,Arawakan,dialects
news1236,New Shtokavian,,,,news1236,,46 47,dialect,Indo-European,dialects
norw1259,Norwegian Bokmål,,61.112,8.886,norw1259,,62,dialect,Indo-European,dialects
norw1262,Norwegian Nynorsk,,,,norw1262,,63,dialect,Indo-European,dialects
oste1242,Österdalarna,,,,oste1242,,58,dialect,Indo-European,dialects
ovan1234,Ovansiljan,,,,ovan1234,,58,dialect,Indo-European,dialects
serb1264,Serbian Standard,,44.3238,21.9192,serb1264,,47,dialect,Indo-European,dialects
shto1241,Shtokavski,,,,shto1241,,46 47,dialect,Indo-European,dialects
sout2969,Southern Paiute,,37.0,-114.0,sout2969,,917,dialect,Uto-Aztecan,dialects
utee1244,Ute,,38.0,-109.0,utee1244,,919,dialect,Uto-Aztecan,dialects
yaqu1250,Yaquina,,,,yaqu1250,,904,dialect,Alsea-Yaquina,dialects
abaz1241,Abaza,,44.25,42.0,abaz1241,,195,language,Abkhaz-Adyge,languages
abro1238,Abron,,7.72094,-2.50289,abro1238,,377,language,Atlantic-Congo,languages
achi1256,Achi,,15.073,-90.3513,achi1256,,869,language,Mayan,languages
achu1247,Achumawi,,41.0979,-121.191,achu1247,,702,language,Palaihnihan,languages
adyg1241,West Circassian,,44.0,39.33,adyg1241,,189,language,Abkhaz-Adyge,languages
afar1241,Afar,,12.2281,41.8083,afar1241,,250,language,Afro-Asiatic,languages
afri1274,Afrikaans,,-31.63272,20.46356,afri1274,,262,language,Indo-European,languages
aghu1253,Aghul,,41.9242,47.5843,aghu1253,,204,language,Nakh-Daghestanian,languages
agua1252,Aguacateco,,15.3307,-91.3153,agua1252,,535,language,Mayan,languages
agua1253,Aguaruna,,-5.30044,-77.9218,agua1253,,520,language,Chicham,languages
ahte1237,Ahtena,,61.7068,-144.889,ahte1237,,874,language,Athabaskan-Eyak-Tlingit,languages
aika1237,Aikanã,,-12.6695,-60.5353,aika1237,,1,language,,languages
akan1250,Akan,,6.34756,-1.33254,akan1250,,378,language,Atlantic-Congo,languages
alab1237,Alabama,,30.76738,-94.62848,alab1237,,593,language,Muskogean,languages
alag1248,Alagwa,,-4.64148,35.7231,alag1248,,258,language,Afro-Asiatic,languages
aleu1260,Aleut,,52.1228,-174.29,aleu1260,,678,language,Eskimo-Aleut,languages
algo1255,Algonquin,,47.3876,-77.5258,algo1255,,418,language,Algic,languages
alse1251,Alsea-Yaquina,,44.408,-123.94,alse1251,,894 904,language,,languages
amah1246,Amahuaca,,-10.2012,-72.3208,amah1246,,561,language,Pano-Tacanan,languages
amha1245,Amharic,,11.708182,39.543456,amha1245,,255,language,Afro-Asiatic,languages
amis1246,Amis,,23.0917,121.348,amis1246,,30,language,Austronesian,languages
andi1255,Andi,,42.8078,46.2919,andi1255,,197,language,Nakh-Daghestanian,languages
ando1254,Andoquero,,-0.666992,-72.310867,ando1254,,772,language,Huitotoan,languages
anyi1245,Anyin,,6.31781,-3.30532,anyi1245,,379,language,Atlantic-Congo,languages
apal1237,Apalachee,,30.118,-84.416,apal1237,,594,language,Muskogean,languages
apal1257,Apalaí,,1.49792,-54.7457,apal1257,,643,language,Cariban,languages
apin1244,Apinayé,,-6.10774,-47.6315,apin1244,,524,language,Nuclear-Macro-Je,languages
apol1242,Apolista,,-14.83,-68.66,apol1242,,782,language,Arawakan,languages
arai1239,Araicu,,-3.104315,-67.2052,arai1239,,787,language,Arawakan,languages
arao1248,Araona,,-12.4242,-67.7293,arao1248,,562,language,Pano-Tacanan,languages
arhu1242,Arhuaco,,10.7018,-73.6363,arhu1242,,658,language,Chibchan,languages
arik1262,Arikara,,45.0,-100.0,arik1262,,637,language,Caddoan,languages
arua1261,Aruá (Rondonia State),,-12.1186,-62.4357,arua1261,,145,language,Tupian,languages
arua1264,Aruan,,-0.608631,-50.123291,arua1264,,783,language,Arawakan,languages
ashk1246,Ashkun,,35.10699,70.542035,ashk1246,,104,language,Indo-European,languages
assa1263,Assamese,,26.0876,91.2932,assa1263,,78,language,Indo-European,languages
assi1247,Assiniboine,,49.2923,-106.068,assi1247,,450,language,Siouan,languages
atay1247,Atayal,,24.5209,121.388,atay1247,,26 27,language,Austronesian,languages
atik1240,Atikamekw,,47.9555,-73.7989,atik1240,,419,language,Algic,languages
avar1256,Avar,,41.7047,46.558,avar1256,,196,language,Nakh-Daghestanian,languages
awac1239,Awa-Cuaiquer,,1.21652,-78.3401,awac1239,,556,language,Barbacoan,languages
awut1241,Awutu,,5.42441,-0.59545,awut1241,,380,language,Atlantic-Congo,languages
ayor1240,Ayoreo,,-19.220055,-60.217495,ayor1240,,703,language,Zamucoan,languages
baat1238,Baatonum,,9.63186,2.99607,baat1238,,363,language,Atlantic-Congo,languages
babi1235,Witsuwit'en-Babine,,55.0997,-126.41,babi1235,,600,language,Athabaskan-Eyak-Tlingit,languages
bagi1246,Bagirmi,,11.52392,14.769495,bagi1246,,653,language,Central Sudanic,languages
baka1277,Bakairí,,-14.2628,-54.7034,baka1277,,754,language,Cariban,languages
bakw1243,Bakwé,,5.23123,-6.51077,bakw1243,,984,language,Kru,languages
bamb1269,Bambara,,12.9,-7.65,bamb1269,,288,language,Mande,languages
bamu1253,Bamun,,5.49017,10.8477,bamu1253,,402,language,Atlantic-Congo,languages
band1352,Bandi,,7.73729,-10.1684,band1352,,289,language,Mande,languages
baou1238,Baoulé,,5.42509,-4.76565,baou1238,,381,language,Atlantic-Congo,languages
barb1263,Barbareño,,34.462,-119.699,barb1263,,689,language,Chumashan,languages
bari1297,Barí,,9.08497,-72.9353,bari1297,,659,language,Chibchan,languages
bash1264,Bashkir,,53.59671,56.55937,bash1264,,235,language,Turkic,languages
bata1314,Bata,,9.68091,12.677,bata1314,,1018,language,Afro-Asiatic,languages
bats1242,Bats,,42.1806,45.344,bats1242,,135,language,Nakh-Daghestanian,languages
baur1253,Baure,,-13.61,-63.68,baur1253,,18,language,Arawakan,languages
beav1236,Beaver,,56.7984,-120.352,beav1236,,601,language,Athabaskan-Eyak-Tlingit,languages
beja1238,Beja,,17.2436,36.6666,beja1238,,254,language,Afro-Asiatic,languages
bell1243,Bella Coola,,52.3448,-126.689,bell1243,,573,language,Salishan,languages
bemb1257,Bemba (Zambia),,-10.6122,29.2993,bemb1257,,332,language,Atlantic-Congo,languages
bena1262,Bena (Tanzania),,-9.26671,35.0364,bena1262,,312,language,Atlantic-Congo,languages
beng1280,Bengali,,24.0,90.0,beng1280,,79,language,Indo-European,languages
beot1247,Beothuk,,48.0,-57.0,beot1247,,872,language,,languages
bezh1248,Bezhta,,42.1206,46.0332,bezh1248,,192,language,Nakh-Daghestanian,languages
bhoj1244,Bhojpuri,,26.458455,84.817115,bhoj1244,,263,language,Indo-European,languages
bimo1239,Bimoba,,10.4575,0.06121,bimo1239,,364,language,Atlantic-Congo,languages
bini1246,Bini,,6.40701,5.70426,bini1246,,280,language,Atlantic-Congo,languages
biss1248,Bissa,,10.4257,-1.67332,biss1248,,290,language,Mande,languages
boko1261,Bokoto,,4.75111,16.6721,boko1261,,1015,language,Atlantic-Congo,languages
bomu1247,Bomu,,12.3816,-4.538,bomu1247,,1012,language,Atlantic-Congo,languages
bond1246,Bondoukou Kulango,,7.85945,-2.87379,bond1246,,994,language,Atlantic-Congo,languages
bond1247,Bondei,,-5.10749,38.5079,bond1247,,313,language,Atlantic-Congo,languages
bora1263,Bora,,-2.000259,-72.257066,bora1263,,704,language,Boran,languages
boro1282,Bororo,,-16.6029,-55.2004,boro1282,,705,language,Bororoan,languages
boun1243,Bouna Kulango,,8.46011,-2.74627,boun1243,,995,language,Atlantic-Congo,languages
bouy1240,Bouyei,,24.8484,106.187,bouy1240,,406,language,Tai-Kadai,languages
bret1244,Breton,,48.2452,-3.78934,bret1244,,52,language,Indo-European,languages
brib1243,Bribri,,9.39794,-83.0539,brib1243,,854,language,Chibchan,languages
budu1248,Budukh,,41.2272,48.3353,budu1248,,194,language,Nakh-Daghestanian,languages
budu1265,Buduma,,13.0692,14.4492,budu1265,,1001,language,Afro-Asiatic,languages
bugl1243,Buglere,,8.57695,-81.25648,bugl1243,,852,language,Chibchan,languages
bulg1262,Bulgarian,,43.3646,25.047,bulg1262,,45,language,Indo-European,languages
buli1254,Buli (Ghana),,10.5763,-1.26748,buli1254,,365,language,Atlantic-Congo,languages
bunu1267,Bunun,,23.4116,121.025,bunu1267,,29,language,Austronesian,languages
bura1292,Bura-Pabir,,10.4822,12.3007,bura1292,,248,language,Afro-Asiatic,languages
buru1296,Burushaski,,36.2161,74.8236,buru1296,,706,language,,languages
buru1320,Burunge,,-5.21369,35.963,buru1320,,1038,language,Afro-Asiatic,languages
busa1253,Busa,,9.91074,4.39929,busa1253,,291,language,Mande,languages
cabe1245,Cabécar,,9.67031,-83.4102,cabe1245,,660,language,Chibchan,languages
cadd1256,Caddo,,33.33,-93.5,cadd1256,,638,language,Caddoan,languages
cahu1264,Cahuilla,,33.5324,-116.691,cahu1264,,470,language,Uto-Aztecan,languages
call1235,Callawalla,,-15.88451,-68.10176,call1235,,720,language,Speech Register,languages
cane1242,Central-Southern Timbira,,-6.10712,-45.1299,cane1242,,525,language,Nuclear-Macro-Je,languages
caro1243,Carolina Algonquian,,35.979,-77.291,caro1243,,922,language,Algic,languages
carr1249,Central Carrier,,54.3768,-124.328,carr1249,,602,language,Athabaskan-Eyak-Tlingit,languages
cash1251,Cashibo-Cacataibo,,-8.70232,-75.4206,cash1251,,563,language,Pano-Tacanan,languages
cash1254,Cashinahua,,-9.72027,-71.1733,cash1254,,142,language,Pano-Tacanan,languages
cata1286,Catawba,,34.9685,-80.8857,cata1286,,451,language,Siouan,languages
cavi1250,Cavineña,,-13.3544,-66.6277,cavi1250,,143,language,Pano-Tacanan,languages
cayu1261,Cayuga,,42.41,-76.5969,cayu1261,,509,language,Iroquoian,languages
cayu1262,Cayubaba,,-13.2482,-65.4822,cayu1262,,37,language,,languages
cent1972,Central Kurdish,,35.6539,45.8077,cent1972,,99,language,Indo-European,languages
cent2050,Central Kanuri,,11.8,13.13,cent2050,,632,language,Saharan,languages
cent2127,Central Alaskan Yupik,,60.3062,-161.486,cent2127,,679,language,Eskimo-Aleut,languages
cent2131,Central Tarahumara,,27.5648,-107.154,cent2131,,471,language,Uto-Aztecan,languages
cent2132,Tlaxcala-Puebla-Central Nahuatl,,19.1248,-98.3002,cent2132,,492,language,Uto-Aztecan,languages
cent2136,Central Ojibwa,,46.5741,-84.1543,cent2136,,420,language,Algic,languages
cent2144,Central Mazahua,,19.7357,-100.018,cent2144,,863,language,Otomanguean,languages
cent2150,Central Tunebo,,6.8867,-72.097,cent2150,,661,language,Chibchan,languages
chac1249,Cha'palaa,,0.71489,-79.0508,chac1249,,557,language,Barbacoan,languages
chac1251,Chácobo,,-12.133,-66.7164,chac1251,,141,language,Pano-Tacanan,languages
chak1271,Chakali,,9.83446,-1.90181,chak1271,,390,language,Atlantic-Congo,languages
char1240,Charrúa,,-34.9,-56.16,char1240,,726,language,Charruan,languages
chay1248,Shawi,,-5.63764,-76.8252,chay1248,,642,language,Cahuapanan,languages
chec1245,Chechen,,43.5,45.5,chec1245,,136,language,Nakh-Daghestanian,languages
cher1273,Cherokee,,35.4664,-83.163,cher1273,,510,language,Iroquoian,languages
chey1247,Cheyenne,,45.5321,-106.659,chey1247,,421,language,Algic,languages
chic1270,Chickasaw,,34.0,-88.0,chic1270,,595,language,Muskogean,languages
chil1280,Chilcotin-Nicola,,51.98952,-123.24458,chil1280,,603,language,Athabaskan-Eyak-Tlingit,languages
chim1310,Chimakum,,47.91457,-123.139145,chim1310,,665,language,Chimakuan,languages
chin1286,Clatsop-Shoalwater Chinook,,46.39132,-123.9249,chin1286,,667,language,Chinookan,languages
chip1261,Chipewyan,,58.98,-104.44,chip1261,,604,language,Athabaskan-Eyak-Tlingit,languages
chiq1248,Lomeriano-Ignaciano Chiquitano,,-16.769554,-61.817795,chiq1248,,38,language,Chiquitano,languages
choc1276,Choctaw,,32.25,-88.5,choc1276,,596,language,Muskogean,languages
chol1282,Chol,,17.4897,-92.4698,chol1282,,536,language,Mayan,languages
chor1273,Ch'orti',,14.818,-89.2363,chor1273,,537,language,Mayan,languages
chuk1273,Chukchi,,68.6436,170.045,chuk1273,,672,language,Chukotko-Kamchatkan,languages
chum1261,Chumburung,,8.15211,-0.2755,chum1261,,382,language,Atlantic-Congo,languages
chuv1255,Chuvash,,55.48701,47.16298,chuv1255,,236,language,Turkic,languages
cint1239,Cinta Larga,,-10.5879,-60.8312,cint1239,,146,language,Tupian,languages
clal1241,Clallam,,48.0707,-123.511,clal1241,,574,language,Salishan,languages
clas1250,Classical Nahuatl,,19.72,-96.97,clas1250,,472,language,Uto-Aztecan,languages
coas1301,Coast Miwok,,38.3285,-122.994,coas1301,,567,language,Miwok-Costanoan,languages
coat1238,Coatlán Mixe,,16.9404,-95.4659,coat1238,,553,language,Mixe-Zoque,languages
coch1272,Cochimi,,29.04,-114.077,coch1272,,692,language,Cochimi-Yuman,languages
coco1261,Cocopa,,32.376,-114.848,coco1261,,693,language,Cochimi-Yuman,languages
cogu1240,Cogui,,10.9485,-73.8043,cogu1240,,738,language,Chibchan,languages
colo1256,Tsafiki,,-0.21181,-79.2347,colo1256,,558,language,Barbacoan,languages
colu1241,Columbia-Wenatchi,,48.217,-118.454,colu1241,,575,language,Salishan,languages
coma1245,Comanche,,34.0,-101.0,coma1245,,473,language,Uto-Aztecan,languages
como1259,Comox,,49.7233,-124.967,como1259,,576,language,Salishan,languages
coos1249,Hanis,,43.4413,-124.16,coos1249,,673,language,Coosan,languages
copa1236,Central-South Chiapas Zoque,,17.2157,-93.3183,copa1236,,554,language,Mixe-Zoque,languages
copt1239,Coptic,,29.472,31.2053,copt1239,,253,language,Afro-Asiatic,languages
corn1251,Cornish,,50.5233,-4.18619,corn1251,,53,language,Indo-European,languages
coro1249,Coroado-Puri,,-20.264033,-43.612003,coro1249,,811,language,Puri-Coroado,languages
cowl1242,Cowlitz,,46.4167,-122.917,cowl1242,,577,language,Salishan,languages
cree1270,Creek,,31.0,-87.5,cree1270,,597,language,Muskogean,languages
crim1257,Crimean Tatar,,45.0,34.08,crim1257,,201,language,Turkic,languages
crow1244,Crow,,45.368,-107.874,crow1244,,452,language,Siouan,languages
cruz1243,Cruzeño,,34.0465,-119.864,cruz1243,,896,language,Chumashan,languages
cube1242,Cubeo,,1.32382,-70.1939,cube1242,,465,language,Tucanoan,languages
cuib1242,Cuiba,,6.19829,-69.8197,cuib1242,,685,language,Guahiboan,languages
culi1244,Culina,,-8.55268,-70.6648,culi1244,,447,language,Arawan,languages
cull1235,Culli,,-7.878618,-78.116456,cull1235,,826,language,,languages
curr1243,Curripaco,,0.69618,-67.5028,curr1243,,445,language,Arawakan,languages
cusc1236,Cusco Quechua,,-14.0853,-71.7663,cusc1236,,571,language,Quechuan,languages
czec1258,Czech,,49.873398,15.10437,czec1258,,49,language,Indo-European,languages
dagb1246,Dagbani,,9.64745,-0.43227,dagb1246,,367,language,Atlantic-Congo,languages
dako1258,Dakota,,45.86,-96.58,dako1258,,453,language,Siouan,languages
dale1238,Dalecarlian,,61.291358,13.830399,dale1238,,58,language,Indo-European,languages
dani1285,Danish,,54.8655,9.36284,dani1285,,57,language,Indo-European,languages
darg1241,North-Central Dargwa,,42.4257,47.4388,darg1241,,199,language,Nakh-Daghestanian,languages
dari1249,Dari,,34.39757,66.14961,dari1249,,264,language,Indo-European,languages
dege1248,Degexit'an,,62.0697,-160.044,dege1248,,873,language,Athabaskan-Eyak-Tlingit,languages
desa1247,Desano,,0.58157,-69.4955,desa1247,,466,language,Tucanoan,languages
dhiv1236,Dhivehi,,1.928498,73.54433,dhiv1236,,86,language,Indo-European,languages
diti1235,Ditidaht,,48.67,-124.75,diti1235,,496,language,Wakashan,languages
djeo1235,Djeoromitxí,,-12.038,-64.6694,djeo1235,,123,language,Nuclear-Macro-Je,languages
dogr1252,Dogrib,,63.17,-117.25,dogr1252,,605,language,Athabaskan-Eyak-Tlingit,languages
duru1236,Duruwa,,19.0534,82.4881,duru1236,,214,language,Dravidian,languages
dutc1256,Dutch,,52.0,5.0,dutc1256,,65,language,Indo-European,languages
dyul1238,Dyula,,10.4536,-4.72007,dyul1238,,292,language,Mande,languages
east2295,Eastern Yiddish,,51.75,19.42,east2295,,71,language,Indo-European,languages
east2337,East Yugur,,38.83687,99.61725,east2337,,225,language,Mongolic-Khitan,languages
east2534,Eastern Canadian Inuktitut,,62.1735,-75.6139,east2534,,948,language,Eskimo-Aleut,languages
east2538,Eastern Huasteca Nahuatl,,21.0639,-97.9077,east2538,,474,language,Uto-Aztecan,languages
east2542,Eastern Ojibwa,,45.0112,-79.7503,east2542,,423,language,Algic,languages
east2544,Eastern Abenaki,,45.0112,-68.6617,east2544,,422,language,Algic,languages
efik1245,Efik,,4.89379,8.38121,efik1245,,276,language,Atlantic-Congo,languages
ejag1239,Ejagham,,5.54442,8.90959,ejag1239,,281,language,Atlantic-Congo,languages
elna1235,El Nayar Cora,,22.4099,-104.467,elna1235,,475,language,Uto-Aztecan,languages
enap1235,Panare,,6.95035,-65.8483,enap1235,,648,language,Cariban,languages
erie1238,Erie,,42.158,-79.64,erie1238,,889,language,Unclassifiable,languages
erzy1239,Erzya,,52.8548,45.3901,erzy1239,,240,language,Uralic,languages
esee1248,Ese Ejja,,-11.7268,-67.515,esee1248,,739,language,Pano-Tacanan,languages
even1259,Evenki,,61.972,94.689,even1259,,232,language,Tungusic,languages
even1260,Even,,70.6687,130.914,even1260,,231,language,Tungusic,languages
ewee1241,Ewe,,6.46061,0.814975,ewee1241,,285,language,Atlantic-Congo,languages
eyak1241,Eyak,,60.4232,-144.762,eyak1241,,606,language,Athabaskan-Eyak-Tlingit,languages
fang1246,Fang (Equatorial Guinea),,1.723965,11.61454,fang1246,,998,language,Atlantic-Congo,languages
faro1244,Faroese,,62.0732,-6.88497,faro1244,,59,language,Indo-European,languages
fefe1239,Fe'fe',,5.18158,10.1442,fefe1239,,403,language,Atlantic-Congo,languages
finn1318,Finnish,,64.7628,25.5577,finn1318,,181,language,Uralic,languages
fonn1241,Fon,,7.15484,1.66495,fonn1241,,286,language,Atlantic-Congo,languages
friu1240,Friulian,,46.1473,13.0493,friu1240,,111,language,Indo-European,languages
fuln1247,Fulniô,,-9.02591,-37.1402,fuln1247,,707,language,,languages
furr1244,Fur,,12.0455,23.6401,furr1244,,708,language,Furan,languages
fwee1238,Fwe,,-17.72372,24.43151,fwee1238,,325,language,Atlantic-Congo,languages
gaaa1244,Ga,,5.65488,-0.18598,gaaa1244,,383,language,Atlantic-Congo,languages
gaga1249,Gagauz,,44.59876,28.02769,gaga1249,,200,language,Turkic,languages
gali1262,Galibi Carib,,5.83772,-56.8323,gali1262,,644,language,Cariban,languages
gand1255,Ganda,,0.66884,32.15153,gand1255,,319,language,Atlantic-Congo,languages
gbag1258,Gbagyi,,9.29842,6.90495,gbag1258,,374,language,Atlantic-Congo,languages
gban1260,Gbanu,,5.28183,17.3887,gban1260,,1017,language,Atlantic-Congo,languages
gbar1246,Gbari,,8.46411,7.10757,gbar1246,,375,language,Atlantic-Congo,languages
gbay1286,Gbaya-Bozoum,,5.9879,16.4643,gbay1286,,1039,language,Atlantic-Congo,languages
gbay1287,Gbaya-Bossangoa,,6.61896,17.645,gbay1287,,395,language,Atlantic-Congo,languages
geic1236,Jeicó,,-6.56,-43.0,geic1236,,814,language,Nuclear-Macro-Je,languages
gila1241,Gilaki,,37.1344,49.8359,gila1241,,97,language,Indo-European,languages
gily1242,Amur Nivkh,,52.59,140.681,gily1242,,929,language,Nivkh,languages
godi1239,Godié,,5.3944,-5.82696,godi1239,,279,language,Kru,languages
gogo1263,Gogo,,-6.35951,35.4807,gogo1263,,314,language,Atlantic-Congo,languages
gonj1241,Gonja,,8.48801,-0.72757,gonj1241,,384,language,Atlantic-Congo,languages
gour1243,Gourmanchéma,,11.6711,1.28489,gour1243,,368,language,Atlantic-Congo,languages
guah1255,Sikuani,,5.81736,-68.9839,guah1255,,686,language,Guahiboan,languages
guam1236,Guamo,,8.2351027,-67.4018753,guam1236,,802,language,,languages
guer1243,Guerrero Amuzgo,,16.77226,-98.18953,guer1243,,634,language,Otomanguean,languages
guja1252,Gujarati,,22.687,71.0962,guja1252,,90,language,Indo-European,languages
gwic1235,Gwich'in,,67.4307,-142.963,gwic1235,,607,language,Athabaskan-Eyak-Tlingit,languages
hais1244,Haisla,,53.964,-128.602,hais1244,,883,language,Wakashan,languages
hakk1236,Hakka Chinese,,25.0,116.0,hakk1236,,409,language,Sino-Tibetan,languages
halh1238,Halh Mongolian,,48.32397,106.28874,halh1238,,226,language,Mongolic-Khitan,languages
halk1245,Halkomelem,,49.250402,-122.443668,halk1245,,578,language,Salishan,languages
hani1248,Hani,,22.67753,102.851673333,hani1248,,941,language,Sino-Tibetan,languages
hann1241,Han,,64.5002,-140.352,hann1241,,877,language,Athabaskan-Eyak-Tlingit,languages
haus1257,Hausa,,11.1513,8.7804,haus1257,,261,language,Afro-Asiatic,languages
hava1248,Havasupai-Walapai-Yavapai,,35.6302,-113.385,hava1248,,694,language,Cochimi-Yuman,languages
haya1250,Haya,,-1.70878,31.4846,haya1250,,320,language,Atlantic-Congo,languages
heil1246,Heiltsuk-Oowekyala,,51.7045,-127.221,heil1246,,497,language,Wakashan,languages
here1253,Herero,,-21.0231,20.5655,here1253,,351,language,Atlantic-Congo,languages
hida1246,Hidatsa,,47.33,-102.0,hida1246,,454,language,Siouan,languages
high1276,Highland Popoluca,,18.198,-94.9109,high1276,,555,language,Mixe-Zoque,languages
high1278,Highland Puebla Nahuatl,,20.1554,-97.5556,high1278,,476,language,Uto-Aztecan,languages
hind1269,Hindi,,25.0,77.0,hind1269,,73,language,Indo-European,languages
hixk1239,Hixkaryána,,-0.16265,-58.80153,hixk1239,,645,language,Cariban,languages
hlai1239,Hlai,,18.8062,109.459,hlai1239,,407,language,Tai-Kadai,languages
hoch1243,Ho-Chunk,,43.5,-88.5,hoch1243,,455,language,Siouan,languages
holi1241,Holikachuk,,62.7266,-159.831,holi1241,,878,language,Athabaskan-Eyak-Tlingit,languages
hopi1249,Hopi,,35.7653,-110.535,hopi1249,,477,language,Uto-Aztecan,languages
huam1247,Huambisa,,-3.99109,-77.9797,huam1247,,521,language,Chicham,languages
huas1242,Huastec,,21.6153,-98.5028,huas1242,,538,language,Mayan,languages
huic1243,Huichol,,21.954,-104.062,huic1243,,478,language,Uto-Aztecan,languages
huil1244,Huilliche,,-40.0694,-72.767,huil1244,,723,language,Araucanian,languages
hung1274,Hungarian,,46.9068585714,19.6555271429,hung1274,,183,language,Uralic,languages
hupa1239,Hupa-Chilula,,41.0982,-123.68,hupa1239,,608,language,Athabaskan-Eyak-Tlingit,languages
iban1261,Ibani,,4.49119,7.23558,iban1261,,981,language,Ijoid,languages
ibib1240,Ibibio,,5.15279,7.86688,ibib1240,,277,language,Atlantic-Congo,languages
icel1247,Icelandic,,63.4837,-19.0212,icel1247,,60,language,Indo-European,languages
idom1241,Idoma,,7.19139,7.71261,idom1241,,283,language,Atlantic-Congo,languages
ikom1245,Ikoma-Nata,,-1.94989,34.5361,ikom1245,,1033,language,Atlantic-Congo,languages
ilaa1246,Ila,,-15.60807,26.45548,ilaa1246,,334,language,Atlantic-Congo,languages
ilwa1237,Ilwana,,-0.66322,39.793,ilwa1237,,1025,language,Atlantic-Congo,languages
indu1241,Indus Kohistani,,35.3389,73.0154,indu1241,,265,language,Indo-European,languages
ines1240,Ineseño,,34.6169,-120.08,ines1240,,690,language,Chumashan,languages
ingu1240,Ingush,,43.11,45.03,ingu1240,,190,language,Nakh-Daghestanian,languages
iowa1245,Iowa-Oto,,40.0511,-95.5213,iowa1245,,456,language,Siouan,languages
ipai1240,Ipai,,33.005,-116.993,ipai1240,,695,language,Cochimi-Yuman,languages
iraq1241,Iraqw,,-4.19948,35.2939,iraq1241,,259,language,Afro-Asiatic,languages
iris1253,Irish,,53.2186,-7.61509,iris1253,,55,language,Indo-European,languages
iron1242,Iron Ossetian,,42.98,44.61,iron1242,,91,language,Indo-European,languages
ishk1246,Ishkashimi,,36.67,71.55,ishk1246,,943,language,Indo-European,languages
isth1242,Isthmus-Mecayapan Nahuatl,,18.2,-94.7547,isth1242,,479,language,Uto-Aztecan,languages
ital1282,Italian,,43.0464,12.6489,ital1282,,112,language,Indo-European,languages
iton1250,Itonama,,-12.80431,-64.35748,iton1250,,122,language,,languages
izon1238,Izon,,5.17986,5.51702,izon1238,,275,language,Ijoid,languages
jama1261,Madi,,-7.62223,-66.5662,jama1261,,448,language,Arawan,languages
jaqa1244,Jaqaru,,-12.741939,-75.809231,jaqa1244,,518,language,Aymaran,languages
jebe1250,Jebero,,-5.40317,-76.4103,jebe1250,,641,language,Cahuapanan,languages
jica1244,Jicarilla Apache,,36.8079,-107.007,jica1244,,609,language,Athabaskan-Eyak-Tlingit,languages
jira1235,Jirajaran,,10.57,-69.7,jira1235,,800,language,,languages
juku1254,Jukun Takum,,7.20236,10.2576,juku1254,,272,language,Atlantic-Congo,languages
kaba1278,Kabardian,,43.5082,43.3918,kaba1278,,140,language,Abkhaz-Adyge,languages
kaba1281,Kaba,,7.64972,16.7344,kaba1281,,654,language,Central Sudanic,languages
kach1280,Southern Jinghpaw,,25.4634,97.3278,kach1280,,186,language,Sino-Tibetan,languages
kadi1248,Kadiwéu,,-19.7222,-57.582,kadi1248,,531,language,Guaicuruan,languages
kais1242,Kaishana,,-2.171598,-67.319199,kais1242,,786,language,Arawakan,languages
kala1381,Kalabari,,4.53194,6.69539,kala1381,,282,language,Ijoid,languages
kala1399,Kalaallisut,,69.3761,-52.864,kala1399,,680,language,Eskimo-Aleut,languages
kala1400,Central Kalapuya,,44.9861,-123.925,kala1400,,895,language,Kalapuyan,languages
kalm1243,Oirad-Kalmyk-Darkhat,,46.566667,45.316667,kalm1243,,228,language,Mongolic-Khitan,languages
kama1372,Kamakan,,-15.0,-41.0,kama1372,,749,language,Kamakanan,languages
kama1373,Kamayurá,,-12.2661,-53.4651,kama1373,,165,language,Tupian,languages
kamb1297,Kamba (Kenya),,-1.60827,37.9532,kamb1297,,306,language,Atlantic-Congo,languages
kami1256,Kami (Tanzania),,-6.71075,37.98,kami1256,,315,language,Atlantic-Congo,languages
kane1243,Kanembu,,13.8749,14.8437,kane1243,,633,language,Saharan,languages
kans1243,Kansa,,39.0,-94.4,kans1243,,457,language,Siouan,languages
kaon1241,Kaonde,,-12.4129,25.7646,kaon1241,,330,language,Atlantic-Congo,languages
kara1500,Karajá,,-11.1881,-50.3492,kara1500,,526,language,Nuclear-Macro-Je,languages
kare1335,Karelian,,65.1691,30.8655,kare1335,,933,language,Uralic,languages
kari1254,Kariri,,-7.434628,-40.487275,kari1254,,736,language,,languages
kari1311,Karitiâna,,-9.37937,-64.1522,kari1311,,144,language,Tupian,languages
karo1304,Karuk,,41.8228,-123.315,karo1304,,907,language,,languages
kase1253,Kasem,,11.0824,-1.39076,kase1253,,391,language,Atlantic-Congo,languages
kash1277,Kashmiri,,34.166825,74.330455,kash1277,,82,language,Indo-European,languages
kask1239,Kaska,,61.0,-130.0,kask1239,,610,language,Athabaskan-Eyak-Tlingit,languages
kath1253,Kathlamet,,46.197,-123.56,kath1253,,668,language,Chinookan,languages
kati1270,Katë,,35.4145,70.9826,kati1270,,105,language,Indo-European,languages
kato1244,Kato,,39.7002,-123.432,kato1244,,611,language,Athabaskan-Eyak-Tlingit,languages
kaya1330,Mebengokre,,-7.77352,-51.6737,kaya1330,,527,language,Nuclear-Macro-Je,languages
kaza1248,Kazakh,,51.17,71.454,kaza1248,,179,language,Turkic,languages
kekc1242,Q'eqchi',,15.3788,-89.2452,kekc1242,,539,language,Mayan,languages
kett1243,Ket,,63.7551,87.5466,kett1243,,709,language,Yeniseian,languages
kham1281,Khamnigan Mongol,,49.0,117.0,kham1281,,227,language,Mongolic-Khitan,languages
khan1272,Khandesi,,21.3181,74.142,khan1272,,266,language,Indo-European,languages
khan1273,Kazym-Berezover-Suryskarer Khanty,,62.4308,66.1218,khan1273,,241,language,Uralic,languages
khin1240,Khinalug,,41.1801,48.0571,khin1240,,193,language,Nakh-Daghestanian,languages
khow1242,Khowar,,36.0,72.0,khow1242,,83,language,Indo-European,languages
khva1239,Khwarshi-Inkhoqwari,,42.2743,45.9977,khva1239,,139,language,Nakh-Daghestanian,languages
kich1262,K'iche',,14.5278,-91.1696,kich1262,,540,language,Mayan,languages
kild1236,Kildin Saami,,68.2158,35.8348,kild1236,,932,language,Uralic,languages
kili1268,Kiliwa,,30.5471,-115.123,kili1268,,696,language,Cochimi-Yuman,languages
kiny1244,Kinyarwanda,,-1.56771,29.6441,kiny1244,,321,language,Atlantic-Congo,languages
kiow1266,Kiowa,,34.9403,-98.9042,kiow1266,,523,language,Kiowa-Tanoan,languages
kirg1245,Kirghiz,,42.0,74.0,kirg1245,,237,language,Turkic,languages
kiri1254,Kirike,,4.41126,6.98938,kiri1254,,982,language,Ijoid,languages
klam1254,Klamath-Modoc,,42.5861,-121.704,klam1254,,710,language,,languages
klao1243,Klao,,5.05,-8.85,klao1243,,400,language,Kru,languages
koas1236,Koasati,,30.4096,-92.709,koas1236,,598,language,Muskogean,languages
kond1295,Konda-Dora,,18.26754,82.93402,kond1295,,216,language,Dravidian,languages
konk1267,Konkan Marathi,,18.404,73.994,konk1267,,88,language,Indo-European,languages
konk1269,Konkomba,,9.82224,0.2783,konk1269,,1009,language,Atlantic-Congo,languages
konn1242,Konni,,10.2368,-1.54376,konn1242,,369,language,Atlantic-Congo,languages
kony1250,Konyanka Maninka,,8.04788,-8.89972,kony1250,,997,language,Mande,languages
konz1239,Konzo,,0.32395,29.8696,konz1239,,322,language,Atlantic-Congo,languages
koon1244,South-Central Koongo,,-5.57722,14.4771,koon1244,,318,language,Atlantic-Congo,languages
kory1246,Koryak,,63.8977,166.695,kory1246,,930,language,Chukotko-Kamchatkan,languages
kota1274,Kota (Gabon),,1.016,13.97,kota1274,,970,language,Atlantic-Congo,languages
koyu1237,Koyukon,,65.6093,-154.229,koyu1237,,612,language,Athabaskan-Eyak-Tlingit,languages
kpan1246,Kpan,,7.58343,10.1642,kpan1246,,273,language,Atlantic-Congo,languages
kren1239,Borum,,-18.9988,-41.2299,kren1239,,748,language,Nuclear-Macro-Je,languages
kryt1240,Kryz,,41.1811,48.1846,kryt1240,,137,language,Nakh-Daghestanian,languages
kuii1252,Kui (India),,19.2043,83.5859,kuii1252,,217,language,Dravidian,languages
kuik1246,Kuikúro-Kalapálo,,-12.3035,-53.2261,kuik1246,,36,language,Cariban,languages
kull1236,Kullu Pahari,,31.8339,77.3772,kull1236,,267,language,Indo-European,languages
kuma1273,Kumaoni,,29.5622,80.0171,kuma1273,,75,language,Indo-European,languages
kumi1248,Tipai,,32.331,-116.604,kumi1248,,701,language,Cochimi-Yuman,languages
kumy1244,Kumyk,,43.0,47.0,kumy1244,,202,language,Turkic,languages
kuna1268,Kunama,,14.5879,37.5292,kuna1268,,711,language,,languages
kura1250,Kuranko,,9.49325,-10.6122,kura1250,,996,language,Mande,languages
kuru1301,Kurukh,,24.46442,86.46568,kuru1301,,218,language,Dravidian,languages
kusa1250,Kusaal,,10.9703,-0.38756,kusa1250,,370,language,Atlantic-Congo,languages
kute1249,Kutenai,,48.7892,-115.065,kute1249,,911,language,,languages
kuwa1247,Kuwaa,,7.54885,-9.9765,kuwa1247,,986,language,Kru,languages
kwak1269,Kwak'wala,,50.9269,-127.308,kwak1269,,498,language,Wakashan,languages
kwal1258,Kwalhioqua-Clatskanie,,46.111979,-123.209332,kwal1258,,912,language,Athabaskan-Eyak-Tlingit,languages
kwaz1243,Kwaza,,-11.6667,-61.1833,kwaz1243,,129,language,,languages
laca1243,Lacandon,,17.02093,-91.42348,laca1243,,541,language,Mayan,languages
lada1244,Leh Ladakhi,,34.14649,77.56261,lada1244,,417,language,Sino-Tibetan,languages
ladi1250,Ladin,,46.60651,11.89498,ladi1250,,113,language,Indo-European,languages
lakk1252,Lak,,42.1328,47.0809,lakk1252,,198,language,Nakh-Daghestanian,languages
lako1247,Lakota,,46.3699,-103.95,lako1247,,458,language,Siouan,languages
lala1264,Lala-Bisa,,-12.945,30.2297,lala1264,,335,language,Atlantic-Congo,languages
lama1275,Lama (Togo),,8.66954,0.833293,lama1275,,392,language,Atlantic-Congo,languages
lamb1271,Lamba,,-12.3366,27.9026,lamb1271,,336,language,Atlantic-Congo,languages
lang1320,Langi,,-4.71413,35.9517,lang1320,,308,language,Atlantic-Congo,languages
latv1249,Latvian,,56.826108,24.309118,latv1249,,41,language,Indo-European,languages
laur1250,Laurentian,,45.33,-72.5,laur1250,,887,language,Iroquoian,languages
lazz1240,Laz,,41.5004,41.9096,lazz1240,,127,language,Kartvelian,languages
leco1242,Leco,,-15.0092,-67.8818,leco1242,,130,language,,languages
lenj1248,Lenje,,-14.7192,28.2581,lenj1248,,337,language,Atlantic-Congo,languages
lezg1247,Lezgian,,41.5157,47.8951,lezg1247,,138,language,Nakh-Daghestanian,languages
libe1247,Liberia Kpelle,,6.92048,-9.96128,libe1247,,293,language,Mande,languages
lill1248,Lillooet,,50.7272,-122.04,lill1248,,579,language,Salishan,languages
lith1251,Lithuanian,,55.1429,23.9601,lith1251,,42,language,Indo-European,languages
lizu1234,Lizu,,28.333425,101.350309,lizu1234,,416,language,Sino-Tibetan,languages
logu1236,Logudorese Sardinian,,40.49,9.09957,logu1236,,119,language,Indo-European,languages
loma1260,Loma (Liberia),,7.91585,-9.69906,loma1260,,294,language,Mande,languages
loup1243,Nipmuck,,42.364,-72.731,loup1243,,424,language,Algic,languages
lowe1425,Lower Tanana,,64.8834,-149.451,lowe1425,,613,language,Athabaskan-Eyak-Tlingit,languages
lowe1427,Lower Chehalis,,46.7736,-124.004,lowe1427,,580,language,Salishan,languages
luba1250,Luba-Katanga,,-8.2816,25.8918,luba1250,,331,language,Atlantic-Congo,languages
luch1239,Luchazi,,-14.0648,22.2437,luch1239,,326,language,Atlantic-Congo,languages
luis1253,Luiseno-Juaneño,,33.3184,-116.939,luis1253,,480,language,Uto-Aztecan,languages
lund1266,Lunda,,-11.1793,23.8662,lund1266,,327,language,Atlantic-Congo,languages
lush1252,Northern Lushootseed,,48.42,-122.529,lush1252,,581,language,Salishan,languages
luva1239,Luvale,,-13.5382,22.2924,luva1239,,328,language,Atlantic-Congo,languages
luya1241,Luyi,,-15.01,22.67,luya1241,,329,language,Atlantic-Congo,languages
lyel1241,Lyélé,,12.4305,-2.59229,lyel1241,,1007,language,Atlantic-Congo,languages
mach1265,Machinga,,-9.37101,39.4268,mach1265,,345,language,Atlantic-Congo,languages
macu1259,Macushi,,4.31861,-60.2209,macu1259,,646,language,Cariban,languages
maga1260,Magahi,,25.0915,85.3335,maga1260,,268,language,Indo-European,languages
mahi1248,Mahican,,42.587,-73.788,mahi1248,,897,language,Algic,languages
maip1247,Maipure-Avane,,4.8,-67.5,maip1247,,446,language,Arawakan,languages
mait1250,Maithili,,26.3817,86.2211,mait1250,,80,language,Indo-European,languages
maka1318,Makah,,48.3258,-124.616,maka1318,,499,language,Wakashan,languages
makh1264,Makhuwa,,-14.8509,38.8052,makh1264,,346,language,Atlantic-Congo,languages
mako1251,Makonde,,-10.9906,39.5133,mako1251,,347,language,Atlantic-Congo,languages
mala1464,Malayalam,,9.59208,76.7651,mala1464,,219,language,Dravidian,languages
malb1235,Malba Birifor,,9.78465,-2.90623,malb1235,,371,language,Atlantic-Congo,languages
male1292,Malecite-Passamaquoddy,,45.494475,-67.40805,male1292,,425,language,Algic,languages
male1297,Maléku Jaíka,,10.7485,-84.7318,male1297,,855,language,Chibchan,languages
mama1278,Mamaindé,,-12.986439,-60.101072,mama1278,,133,language,Nambiquaran,languages
mamm1241,Mam,,14.8034,-91.7231,mamm1241,,542,language,Mayan,languages
mamp1244,Mampruli,,10.3884,-0.74675,mamp1244,,1008,language,Atlantic-Congo,languages
mana1299,Manao,,-0.540066,-64.5186,mana1299,,750,language,Arawakan,languages
mand1415,Mandarin Chinese,,40.0209,116.228,mand1415,,187,language,Sino-Tibetan,languages
mand1436,Mandinka,,12.8165233333,-15.6539466667,mand1436,,295,language,Mande,languages
mand1446,Mandan,,46.83,-101.0,mand1446,,459,language,Siouan,languages
mapu1245,Mapudungun,,-38.7392,-71.277,mapu1245,,712,language,Araucanian,languages
maqu1238,Ye'kwana,,4.70705,-64.3877,maqu1238,,647,language,Cariban,languages
mara1378,Marathi,,17.9344,76.6665,mara1378,,89,language,Indo-European,languages
mara1408,Marawan,,3.9,-51.8,mara1408,,745,language,Unattested,languages
mara1409,Maragua,,-3.0,-67.512818,mara1409,,790,language,Arawakan,languages
marb1239,Marba,,9.54,15.8,marb1239,,1020,language,Afro-Asiatic,languages
mari1440,Maricopa,,33.5123,-111.749,mari1440,,697,language,Cochimi-Yuman,languages
mark1256,Marka,,12.7178,-3.58355,mark1256,,1010,language,Mande,languages
masa1300,Masai,,-3.1419,36.4573,masa1300,,675,language,Nilotic,languages
mata1288,Matagalpa,,13.0333,-86.0,mata1288,,856,language,Misumalpan,languages
mats1244,Matsés,,-5.73914,-72.6281,mats1244,,564,language,Pano-Tacanan,languages
matt1238,Mattole-Bear River,,40.4321,-122.863,matt1238,,614,language,Athabaskan-Eyak-Tlingit,languages
matu1259,Matumbi,,-8.53734,39.0409,matu1259,,348,language,Atlantic-Congo,languages
maxa1247,Maxakalí,,-16.9402,-40.7891,maxa1247,,747,language,Nuclear-Macro-Je,languages
maya1285,Mayangna,,14.1259,-84.3439,maya1285,,857,language,Misumalpan,languages
mayo1264,Mayo,,26.4522,-108.981,mayo1264,,481,language,Uto-Aztecan,languages
mbay1241,Mbay,,8.23066,15.7328,mbay1241,,655,language,Central Sudanic,languages
mbes1238,Mbesa,,1.6207,22.8389,mbes1238,,971,language,Atlantic-Congo,languages
mbug1242,Mbugwe,,-3.75763,35.8133,mbug1242,,309,language,Atlantic-Congo,languages
mbum1254,Mbum,,7.5789,14.2722,mbum1254,,1016,language,Atlantic-Congo,languages
mend1266,Mende (Sierra Leone),,7.90935,-10.9926,mend1266,,296,language,Mande,languages
meno1252,Menominee,,44.9794,-88.6395,meno1252,,426,language,Algic,languages
meru1245,Meru,,0.26484,37.7396,meru1245,,307,language,Atlantic-Congo,languages
mesc1238,Mescalero-Chiricahua Apache,,33.1291,-105.566,mesc1238,,615,language,Athabaskan-Eyak-Tlingit,languages
mesk1242,Meskwaki,,44.0,-89.0,mesk1242,,427,language,Algic,languages
mesm1239,Mesme,,9.28888,15.7018,mesm1239,,1022,language,Afro-Asiatic,languages
mezq1235,Mezquital Otomi,,20.2274,-99.5564,mezq1235,,635,language,Otomanguean,languages
miam1252,Miami,,40.0,-90.0,miam1252,,428,language,Algic,languages
mich1245,Michoacán Nahuatl,,18.3412,-103.361,mich1245,,482,language,Uto-Aztecan,languages
mika1239,Mikasuki,,31.5,-84.0,mika1239,,599,language,Muskogean,languages
mikm1235,Mi'kmaq,,46.0,-64.0,mikm1235,,429,language,Algic,languages
milu1241,Miluk,,43.3215,-124.258,milu1241,,674,language,Coosan,languages
ming1252,Mingrelian,,42.5129,41.8719,ming1252,,128,language,Kartvelian,languages
minn1241,Min Nan Chinese,,24.5,118.17,minn1241,,411,language,Sino-Tibetan,languages
misk1235,Mískito,,15.1576,-84.2942,misk1235,,552,language,Misumalpan,languages
moch1257,Mocho,,15.4538,-92.1734,moch1257,,543,language,Mayan,languages
moco1246,Mocoví,,-28.097,-60.4145,moco1246,,532,language,Guaicuruan,languages
mode1248,Modern Greek,,38.36,23.13,mode1248,,72,language,Indo-European,languages
moha1256,Mohave,,34.8866,-114.599,moha1256,,698,language,Cochimi-Yuman,languages
moha1258,Mohawk,,43.72,-74.66836,moha1258,,512,language,Iroquoian,languages
mohe1244,Mohegan-Montauk-Narragansett,,41.8581,-72.1701,mohe1244,,430,language,Algic,languages
moks1248,Moksha,,54.1855,42.6728,moks1248,,934,language,Uralic,languages
mong1338,Mongo,,-1.54228,20.4259,mong1338,,305,language,Atlantic-Congo,languages
mono1270,Mono (Democratic Republic of Congo),,4.57915,19.8264,mono1270,,396,language,Atlantic-Congo,languages
mono1275,Mono (USA),,37.1935,-119.347,mono1275,,483,language,Uto-Aztecan,languages
mont1268,Montagnais,,49.0533,-68.7376,mont1268,,431,language,Algic,languages
more1259,Morelos Nahuatl,,18.9161,-99.1322,more1259,,484,language,Uto-Aztecan,languages
mose1249,Mosetén-Chimané,,-14.64448,-67.83756,mose1249,,131,language,,languages
moss1236,Mossi,,11.95,-1.32,moss1236,,372,language,Atlantic-Congo,languages
movi1243,Movima,,-13.8115,-65.6348,movi1243,,132,language,,languages
munj1244,Munji,,35.9321,70.9404,munj1244,,944,language,Indo-European,languages
muns1251,Munsee,,41.11,-74.17,muns1251,,432,language,Algic,languages
muru1274,Murui Huitoto,,-1.13669,-73.8331,muru1274,,501,language,Huitotoan,languages
muse1242,Musey,,9.81612,15.4115,muse1242,,1021,language,Afro-Asiatic,languages
mwer1248,Mwera (Chimwera),,-9.75639,38.8762,mwer1248,,344,language,Atlantic-Congo,languages
nana1257,Nanai,,48.43426,134.79726,nana1257,,233,language,Tungusic,languages
nant1249,Nanticoke,,39.67781,-74.98648,nant1249,,898,language,Algic,languages
nask1242,Naskapi,,55.9316,-61.1318,nask1242,,884,language,Algic,languages
natc1249,Natchez,,31.75,-91.33,natc1249,,893,language,,languages
nava1243,Navajo,,36.33,-109.38,nava1243,,616,language,Athabaskan-Eyak-Tlingit,languages
naxi1245,Naxi,,27.5,100.0,naxi1245,,939,language,Sino-Tibetan,languages
nden1248,Ndengereko,,-7.54628,38.958,nden1248,,349,language,Atlantic-Congo,languages
nene1249,Tundra Nenets,,66.1775,71.0234,nene1249,,246,language,Uralic,languages
nepa1254,Nepali,,28.0,85.0,nepa1254,,81,language,Indo-European,languages
neut1237,Neutral-Atiouandaronk,,,,neut1237,,890,language,Unclassifiable,languages
nezp1238,Nez Perce,,46.3073,-116.408,nezp1238,,568,language,Sahaptian,languages
ngab1239,Ngäbere,,8.8251,-82.3911,ngab1239,,853,language,Chibchan,languages
ngam1268,Ngambay,,8.57051,15.414,ngam1268,,656,language,Central Sudanic,languages
ngan1291,Nganasan,,73.1354,86.2106,ngan1291,,243,language,Uralic,languages
ngan1299,Ngangam,,10.2523,0.70509,ngan1299,,373,language,Atlantic-Congo,languages
ngan1302,Ngando-Lalia,,-0.14363,22.6231,ngan1302,,972,language,Atlantic-Congo,languages
ngba1285,Ngbaka Minagende,,2.98887,18.994,ngba1285,,397,language,Atlantic-Congo,languages
nina1238,Ninam,,4.03894,-62.7801,nina1238,,502,language,Yanomamic,languages
nise1244,Nisenan,,38.047,-120.393,nise1244,,528,language,Maiduan,languages
nort2627,Eastern Low German,,53.115373,12.391439,nort2627,,69,language,Indo-European,languages
nort2641,Northern Kurdish,,37.0,43.0,nort2641,,98,language,Indo-European,languages
nort2671,North Saami,,68.725,22.1113,nort2671,,182,language,Uralic,languages
nort2697,North Azerbaijani,,40.97768,46.4737,nort2697,,207,language,Turkic,languages
nort2774,Northern Ngbandi,,3.56357,21.85251,nort2774,,1040,language,Atlantic-Congo,languages
nort2775,Northwest Gbaya,,5.9503,15.2569,nort2775,,398,language,Atlantic-Congo,languages
nort2941,Northern Tutchone,,62.8235,-136.644,nort2941,,881,language,Athabaskan-Eyak-Tlingit,languages
nort2942,North Slavey,,63.5,-125.67,nort2942,,617,language,Athabaskan-Eyak-Tlingit,languages
nort2943,North Alaskan Inupiatun,,69.582,-143.77,nort2943,,681,language,Eskimo-Aleut,languages
nort2945,Seward Alaska Inupiatun,,64.77955,-161.80666,nort2945,,682,language,Eskimo-Aleut,languages
nort2951,Northwest Maidu,,39.6721,-121.368,nort2951,,530,language,Maiduan,languages
nort2952,Northeast Maidu,,40.4102,-120.645,nort2952,,529,language,Maiduan,languages
nort2954,Northern Paiute,,40.0799,-119.536,nort2954,,485,language,Uto-Aztecan,languages
nort2959,Northern Tepehuan,,26.4348,-107.379,nort2959,,486,language,Uto-Aztecan,languages
nort2972,Northern Emberá,,7.12761,-77.574,nort2972,,559,language,Chocoan,languages
norw1258,Norwegian,,59.92,10.71,norw1258,,61 62 63,language,Indo-European,languages
nott1246,Nottoway,,36.72,-77.115,nott1246,,513,language,Iroquoian,languages
nucl1235,Eastern Armenian,,40.0,45.0,nucl1235,,40,language,Indo-European,languages
nucl1301,Turkish,,39.8667,32.8667,nucl1301,,177,language,Turkic,languages
nucl1302,Georgian,,41.850397,43.78613,nucl1302,,125,language,Kartvelian,languages
nucl1305,Kannada,,13.5878,76.1198,nucl1305,,215,language,Dravidian,languages
nucl1347,Wolof,,15.2534,-15.383,nucl1347,,362,language,Atlantic-Congo,languages
nucl1396,Sena,,-19.7933,34.9829,nucl1396,,342,language,Atlantic-Congo,languages
nucl1417,Igbo,,4.62705,7.23441,nucl1417,,284,language,Atlantic-Congo,languages
nucl1418,Bassa,,7.27501,-11.543,nucl1418,,985,language,Kru,languages
nucl1649,Southern-Coastal Tsimshian,,52.59103,-128.544545,nucl1649,,464,language,Tsimshian,languages
nucl1695,Bole,,11.4839,11.2322,nucl1695,,260,language,Afro-Asiatic,languages
nupe1254,Nupe-Nupe-Tako,,9.18404,5.40031,nupe1254,,376,language,Atlantic-Congo,languages
nuuc1236,Nuu-chah-nulth,,49.67,-126.67,nuuc1236,,500,language,Wakashan,languages
nyak1260,Nyakyusa-Ngonde,,-9.71018,33.7763,nyak1260,,338,language,Atlantic-Congo,languages
nyam1276,Nyamwezi,,-5.08559,32.94452,nyam1276,,310,language,Atlantic-Congo,languages
nyan1308,Nyanja,,-14.8047,32.8108,nyan1308,,341,language,Atlantic-Congo,languages
nyat1246,Nyaturu,,-5.12263,34.6657,nyat1246,,311,language,Atlantic-Congo,languages
nyor1246,Nyoro,,0.95294,31.3493,nyor1246,,323,language,Atlantic-Congo,languages
nzim1238,Nzima,,5.1785,-2.81123,nzim1238,,385,language,Atlantic-Congo,languages
obis1242,Obispeño,,35.2873,-120.669,obis1242,,899,language,Chumashan,languages
obol1243,Obolo,,4.62851,7.81985,obol1243,,278,language,Atlantic-Congo,languages
occi1239,Occitan,,44.1415,6.82979,occi1239,,114 116,language,Indo-European,languages
okan1243,Okanagan,,49.2745,-119.294,okan1243,,583,language,Salishan,languages
omah1247,Omaha-Ponca,,42.0944,-96.5295,omah1247,,460,language,Siouan,languages
onaa1245,Selk'nam,,-54.0,-68.5,onaa1245,,670,language,Chonan,languages
onei1249,Oneida,,43.438742,-75.708106,onei1249,,514,language,Iroquoian,languages
onon1246,Onondaga,,42.92,-76.12,onon1246,,515,language,Iroquoian,languages
orej1242,Maijiki,,-2.86315,-72.4926,orej1242,,467,language,Tucanoan,languages
ormu1247,Ormuri,,32.6819,69.3444,ormu1247,,269,language,Indo-European,languages
oroc1248,Oroch,,50.32354,137.85131,oroc1248,,935,language,Tungusic,languages
orok1266,Oroko,,4.89504,9.15209,orok1266,,302,language,Atlantic-Congo,languages
osag1243,Osage,,36.7828,-96.2949,osag1243,,461,language,Siouan,languages
otom1301,Otomaco,,7.6197859,-66.4990389,otom1301,,803,language,Otomaco-Taparita,languages
paci1278,Pacific Gulf Yupik,,60.4238,-148.043,paci1278,,683,language,Eskimo-Aleut,languages
paip1241,Paipai,,31.6063,-115.871,paip1241,,699,language,Cochimi-Yuman,languages
paiw1248,Paiwan,,22.3271,120.806,paiw1248,,32,language,Austronesian,languages
pana1305,Panamint,,36.0007,-117.901,pana1305,,487,language,Uto-Aztecan,languages
panj1256,Eastern Panjabi,,30.0368,75.6702,panj1256,,77,language,Indo-European,languages
para1299,Parachi,,36.0432,70.8805,para1299,,100,language,Indo-European,languages
pass1250,Passe,,-2.596949,-68.468643,pass1250,,785,language,Arawakan,languages
paum1247,Paumari,,-5.78403,-64.2803,paum1247,,449,language,Arawan,languages
paun1241,Paunaka,,-14.353747,-63.086994,paun1241,,744,language,Arawakan,languages
pawn1254,Pawnee,,36.2862,-96.8937,pawn1254,,639,language,Caddoan,languages
pech1241,Pech,,15.8033,-85.558,pech1241,,662,language,Chibchan,languages
pent1242,Pentlatch,,49.1936,-124.689,pent1242,,886,language,Salishan,languages
peri1250,Pericú,,23.316718,-109.614813,peri1250,,924,language,Unclassifiable,languages
peri1253,Peripheral Mongolian,,42.4208,110.157,peri1253,,229,language,Mongolic-Khitan,languages
piar1243,Piaroa,,4.41805,-67.7574,piar1243,,592,language,Saliban,languages
pila1245,Pilagá,,-25.0058,-60.1537,pila1245,,533,language,Guaicuruan,languages
pima1248,Pima Bajo,,28.654,-108.326,pima1248,,488,language,Uto-Aztecan,languages
plai1258,Plains Cree,,51.2437,-110.463,plai1258,,433,language,Algic,languages
plat1254,Plateau Malagasy,,-19.5907,47.1211,plat1254,,405,language,Austronesian,languages
poko1261,Pokomo,,-2.31587,40.2897,poko1261,,1026,language,Atlantic-Congo,languages
poli1260,Polish,,51.8439,18.6255,poli1260,,50,language,Indo-European,languages
poqo1253,Poqomam,,14.73252,-89.73796,poqo1253,,544,language,Mayan,languages
poqo1254,Poqomchi',,15.3586,-90.5813,poqo1254,,545,language,Mayan,languages
port1283,Portuguese,,39.91,-8.1,port1283,,115,language,Indo-European,languages
pota1247,Potawatomi,,40.955,-89.1881,pota1247,,434,language,Algic,languages
pott1240,Pottangi Ollar Gadaba,,18.5968,82.7586,pott1240,,220,language,Dravidian,languages
powh1243,Powhatan,,36.99422,-77.20752,powh1243,,923,language,Algic,languages
pras1239,Prasun,,35.420531,70.922783,pras1239,,106,language,Indo-European,languages
pula1262,Pular,,12.1826,-12.7338,pula1262,,360,language,Atlantic-Congo,languages
puqu1242,Puquina,,-15.8992,-69.9611,puqu1242,,721,language,,languages
puri1259,Purisimeño,,34.6866,-120.431,puri1259,,900,language,Chumashan,languages
puru1264,Puruborá,,-11.4226,-62.4358,puru1264,,148,language,Tupian,languages
puta1243,Putai,,10.83854,12.99521,puta1243,,1002,language,Afro-Asiatic,languages
qanj1241,Q'anjob'al,,15.6846,-91.3043,qanj1241,,546,language,Mayan,languages
quap1242,Quapaw,,34.15,-92.0,quap1242,,462,language,Siouan,languages
quec1382,Quechan,,32.7859,-114.599,quec1382,,700,language,Cochimi-Yuman,languages
quig1235,Quignam,,-8.099583,-79.053383,quig1235,,821,language,Unclassifiable,languages
quil1240,Quileute,,47.9106,-124.603,quil1240,,666,language,Chimakuan,languages
quin1251,Quinault,,47.4214,-124.16,quin1251,,584,language,Salishan,languages
rama1270,Rama,,11.5007,-83.8571,rama1270,,663,language,Chibchan,languages
roma1326,Romansh,,46.5538,9.92812,roma1326,,118,language,Indo-European,languages
roma1327,Romanian,,46.3913,24.2256,roma1327,,117,language,Indo-European,languages
russ1263,Russian,,59.0,50.0,russ1263,,43,language,Indo-European,languages
russ1264,Russia Buriat,,50.85331,105.5637,russ1264,,230,language,Mongolic-Khitan,languages
rutu1240,Rutul,,41.6187,47.3244,rutu1240,,206,language,Nakh-Daghestanian,languages
saba1268,Sabanê,,-12.9857,-60.335,saba1268,,134,language,Nambiquaran,languages
saga1256,Sagala,,-6.98537,36.9153,saga1256,,979,language,Atlantic-Congo,languages
saho1246,Saho,,14.75,39.75,saho1246,,251,language,Afro-Asiatic,languages
sala1264,Salar,,35.5457,102.819,sala1264,,936,language,Turkic,languages
sali1253,Salinan,,36.18753,-121.05221,sali1253,,913,language,,languages
samb1315,Samburu,,1.60735,37.0539,samb1315,,676,language,Nilotic,languages
sanb1242,San Blas Kuna,,9.15686,-78.3075,sanb1242,,664,language,Chibchan,languages
sanj1285,San Juan Atzingo Popoloca,,18.22245,-97.37923,sanj1285,,636,language,Otomanguean,languages
sank1253,Sankaran Maninka,,10.0962,-10.569,sank1253,,297,language,Mande,languages
sant1432,Santiago del Estero Quichua,,-27.821,-63.2466,sant1432,,719,language,Quechuan,languages
sanu1240,Sanumá,,4.5,-64.5,sanu1240,,503,language,Yanomamic,languages
sara1321,Sara Kaba Náà,,9.39388,19.2566,sara1321,,657,language,Central Sudanic,languages
sara1331,Saraveca,,-16.07,-57.8,sara1331,,753,language,Arawakan,languages
sari1246,Sarikoli,,37.905,75.1449,sari1246,,270,language,Indo-European,languages
sars1236,Sarsi,,50.8822,-114.301,sars1236,,618,language,Athabaskan-Eyak-Tlingit,languages
scot1245,Scottish Gaelic,,56.7574,-5.24366,scot1245,,56,language,Indo-European,languages
sech1246,Sechelt,,49.4757,-123.765,sech1246,,585,language,Salishan,languages
seka1250,Sekani,,57.4421,-125.664,seka1250,,879,language,Athabaskan-Eyak-Tlingit,languages
selk1253,Selkup,,59.9409,82.3004,selk1253,,244,language,Uralic,languages
sene1264,Seneca,,42.56,-77.53,sene1264,,516,language,Iroquoian,languages
sere1260,Sereer,,13.8941,-16.3916,sere1260,,361,language,Atlantic-Congo,languages
seri1257,Seri,,28.9877,-112.384,seri1257,,920,language,,languages
serr1255,Serrano,,33.9479,-116.772,serr1255,,489,language,Uto-Aztecan,languages
seve1240,Severn Ojibwa,,53.9092,-89.9331,seve1240,,435,language,Algic,languages
sham1280,Shambala,,-4.8,38.29,sham1280,,316,language,Atlantic-Congo,languages
shaw1249,Shawnee,,40.0,-83.0,shaw1249,,436,language,Algic,languages
shee1238,She,,23.0399,114.814,shee1238,,688,language,Hmong-Mien,languages
sher1258,Sherbro,,7.77585,-12.7405,sher1258,,387,language,Atlantic-Congo,languages
shin1264,Shina,,34.6515,75.287,shin1264,,271,language,Indo-European,languages
ship1254,Shipibo-Conibo,,-7.17105,-74.8219,ship1254,,565,language,Pano-Tacanan,languages
shon1251,Shona,,-17.20849,29.75725,shon1251,,353,language,Atlantic-Congo,languages
shor1247,Mrassu Shor-Tutal,,53.70953,87.84468,shor1247,,931,language,Turkic,languages
shos1248,Shoshoni,,41.0,-116.0,shos1248,,490,language,Uto-Aztecan,languages
shua1257,Shuar,,-3.45136,-78.1892,shua1257,,522,language,Chicham,languages
shug1248,Shughni,,37.5018,71.7925,shug1248,,93,language,Indo-European,languages
shus1248,Shuswap,,50.8734,-119.667,shus1248,,586,language,Salishan,languages
sich1238,Sichuan Yi,,28.1947,102.121,sich1238,,415,language,Sino-Tibetan,languages
siks1238,Siksika,,49.0669,-113.109,siks1238,,437,language,Algic,languages
sind1272,Sindhi,,26.0,69.0,sind1272,,85,language,Indo-European,languages
sinh1246,Sinhala,,8.0,81.0,sinh1246,,87,language,Indo-European,languages
sion1247,Siona-Tetete,,0.31733,-76.0237,sion1247,,468,language,Tucanoan,languages
sius1254,Siuslaw,,42.5111,-124.379,sius1254,,901,language,,languages
skol1241,Skolt Saami,,68.8326,29.7204,skol1241,,245,language,Uralic,languages
slov1268,Slovenian,,46.2543,14.7766,slov1268,,48,language,Indo-European,languages
slov1269,Slovak,,48.545705,18.78479,slov1269,,210,language,Indo-European,languages
soli1239,Soli,,-15.5213,28.7934,soli1239,,339,language,Atlantic-Congo,languages
soma1255,Somali,,4.778704,45.152856,soma1255,,252,language,Afro-Asiatic,languages
soni1259,Soninke,,13.1273,-11.7178,soni1259,,992,language,Mande,languages
sout1528,Serbian-Croatian-Bosnian,,44.15,18.81,sout1528,,46 47,language,Indo-European,languages
sout1549,Southeastern Kolami,,19.6908,78.5936,sout1549,,221,language,Dravidian,languages
sout2642,Southern Balochi,,26.0,64.0,sout2642,,96,language,Indo-European,languages
sout2694,Southern Altai,,50.1347,86.8705,sout2694,,211,language,Turkic,languages
sout2750,Southern Yukaghir,,64.218,154.375,sout2750,,505,language,Yukaghir,languages
sout2778,Southern Kisi,,8.32448,-10.3377,sout2778,,388,language,Atlantic-Congo,languages
sout2789,Central Dagaare,,10.4226,-2.52265,sout2789,,366,language,Atlantic-Congo,languages
sout2807,Southern Sotho,,-28.78,27.89,sout2807,,354,language,Atlantic-Congo,languages
sout2826,Southern Grebo,,4.47607,-7.56872,sout2826,,401,language,Kru,languages
sout2840,Southern Bobo Madaré,,11.5409,-4.26497,sout2840,,298,language,Mande,languages
sout2957,Southern Tutchone,,60.7823,-136.573,sout2957,,619,language,Athabaskan-Eyak-Tlingit,languages
sout2959,South Slavey,,59.8794,-117.047,sout2959,,876,language,Athabaskan-Eyak-Tlingit,languages
sout2976,Southeastern Tepehuan,,23.1584,-103.983,sout2976,,491,language,Uto-Aztecan,languages
sout2991,South Bolivian Quechua,,-20.9201,-66.3331,sout2991,,572,language,Quechuan,languages
sout2994,Southern Nambikuára,,-14.3707,-59.5187,sout2994,,630,language,Nambiquaran,languages
sout2996,Southern Aymara,,-17.1417,-70.3442,sout2996,,519,language,Aymaran,languages
squa1248,Squamish,,49.3231,-123.014,squa1248,,587,language,Salishan,languages
stan1288,Spanish,,40.4414,-1.11788,stan1288,,120,language,Indo-European,languages
stan1289,Catalan,,41.453,1.569,stan1289,,109,language,Indo-European,languages
stan1290,French,,48.0,2.0,stan1290,,110,language,Indo-European,languages
stan1293,English,,53.0,-1.0,stan1293,,66,language,Indo-European,languages
stan1295,German,,48.649,12.4676,stan1295,,68,language,Indo-European,languages
stra1244,Northern Straits Salish,,48.51614,-123.757114,stra1244,,582,language,Salishan,languages
suii1243,Sui,,24.0488,106.563,suii1243,,408,language,Tai-Kadai,languages
suku1261,Sukuma,,-3.16082,32.8765,suku1261,,1031,language,Atlantic-Congo,languages
suma1264,Suma,,7.0953,17.0093,suma1264,,1019,language,Atlantic-Congo,languages
sumb1240,Sumbwa,,-3.47335,31.9457,sumb1240,,1034,language,Atlantic-Congo,languages
supy1237,Supyire Senoufo,,11.632,-5.87709,supy1237,,386,language,Atlantic-Congo,languages
suru1262,Suruí,,-11.0989,-61.2818,suru1262,,147,language,Tupian,languages
susq1241,Susquehannock,,41.169,-76.208,susq1241,,891,language,Iroquoian,languages
susu1250,Susu,,10.4046,-13.3628,susu1250,,299,language,Mande,languages
svan1243,Svan,,42.9134,42.5915,svan1243,,126,language,Kartvelian,languages
swah1253,Swahili,,-8.25605,37.624,swah1253,,317,language,Atlantic-Congo,languages
swam1239,Swampy Cree,,56.0,-95.0,swam1239,,438,language,Algic,languages
swat1243,Swati,,-26.0,31.5,swat1243,,355,language,Atlantic-Congo,languages
swed1254,Swedish,,59.800634,17.389526,swed1254,,64,language,Indo-European,languages
swis1247,Central Alemannic,,47.0516,8.46419,swis1247,,70,language,Indo-European,languages
taba1259,Tabasaran,,42.0198,47.8379,taba1259,,203,language,Nakh-Daghestanian,languages
taba1266,Tabasco Chontal,,18.1713,-92.7367,taba1266,,547,language,Mayan,languages
tagi1240,Tagish,,60.242,-134.799,tagi1240,,620,language,Athabaskan-Eyak-Tlingit,languages
tahl1239,Tahltan,,58.4498,-130.052,tahl1239,,621,language,Athabaskan-Eyak-Tlingit,languages
taji1245,Tajik,,38.8213,68.5549,taji1245,,102,language,Indo-European,languages
take1257,Takelma,,42.423,-123.452,take1257,,908,language,,languages
taly1247,North-Central Talysh,,38.4552,48.6349,taly1247,,103,language,Indo-European,languages
tami1289,Tamil,,10.520219,78.825989,tami1289,,222,language,Dravidian,languages
tana1289,Dena'ina,,60.4712,-150.759,tana1289,,623,language,Athabaskan-Eyak-Tlingit,languages
tana1290,Tanacross,,63.4046,-143.338,tana1290,,622,language,Athabaskan-Eyak-Tlingit,languages
tara1303,Tarairiu,,-5.6988166,-36.1576346,tara1303,,768,language,Unclassifiable,languages
taro1264,Seediq,,23.9032,121.358,taro1264,,28,language,Austronesian,languages
tata1255,Tatar,,55.79592,49.11577,tata1255,,239,language,Turkic,languages
tatu1247,Tatuyo,,0.55582,-70.5327,tatu1247,,469,language,Tucanoan,languages
teen1242,Téén,,9.84556,-3.71183,teen1242,,993,language,Atlantic-Congo,languages
tehu1242,Tehuelche,,-47.5796,-68.3235,tehu1242,,671,language,Chonan,languages
telu1262,Telugu,,16.4529,78.7024,telu1262,,223,language,Dravidian,languages
tera1251,Tera,,11.0376,11.80953,tera1251,,249,language,Afro-Asiatic,languages
thom1243,Thompson,,50.1668,-120.193,thom1243,,588,language,Salishan,languages
tibe1272,Tibetan,,28.3681,90.1872,tibe1272,,185,language,Sino-Tibetan,languages
tigo1236,Tigon Mbembe,,6.983995,10.70849,tigo1236,,274,language,Atlantic-Congo,languages
tigr1270,Tigre,,17.3494,38.2233,tigr1270,,256,language,Afro-Asiatic,languages
tigr1271,Tigrinya,,15.3359,38.9266,tigr1271,,257,language,Afro-Asiatic,languages
tika1246,Tikar,,5.87004,11.6104,tika1246,,1013,language,Atlantic-Congo,languages
till1254,Tillamook,,45.5,-123.83,till1254,,589,language,Salishan,languages
timn1235,Timne,,8.90294,-12.3331,timn1235,,389,language,Atlantic-Congo,languages
timo1237,Timote-Cuica,,8.848165,-70.975342,timo1237,,801,language,,languages
timu1245,Timucua,,30.3027,-82.3132,timu1245,,892,language,,languages
tivv1240,Tiv,,6.88039,9.26287,tivv1240,,394,language,Atlantic-Congo,languages
tlin1245,Tlingit,,59.4447,-135.29,tlin1245,,624,language,Athabaskan-Eyak-Tlingit,languages
toba1269,Toba,,-23.77,-61.96,toba1269,,534,language,Guaicuruan,languages
toho1245,Tohono O'odham,,31.7973,-111.995,toho1245,,493,language,Uto-Aztecan,languages
tojo1241,Tojolabal,,16.2572,-91.7825,tojo1241,,862,language,Mayan,languages
tolo1259,Tolowa-Chetco,,41.9192,-124.1,tolo1259,,625,language,Athabaskan-Eyak-Tlingit,languages
tong1318,Tonga (Zambia),,-17.422325,27.103495,tong1318,,333,language,Atlantic-Congo,languages
tong1329,Tongva,,34.1,-118.11,tong1329,,914,language,Uto-Aztecan,languages
toor1238,Tooro,,0.57291,30.6389,toor1238,,1030,language,Atlantic-Congo,languages
tosk1239,Northern Tosk Albanian,,41.0,20.0,tosk1239,,39,language,Indo-European,languages
treg1243,Tregami,,34.998117,71.099792,treg1243,,107,language,Indo-European,languages
trio1238,Trió,,2.53616,-55.7599,trio1238,,649,language,Cariban,languages
trum1247,Trumai,,-11.8119,-53.5717,trum1247,,713,language,,languages
tsak1249,Tsakhur,,41.5916,46.8858,tsak1249,,205,language,Nakh-Daghestanian,languages
tset1236,Tsetsaut,,55.5,-130.08,tset1236,,880,language,Athabaskan-Eyak-Tlingit,languages
tswa1253,Tswana,,-24.368,24.7587,tswa1253,,357,language,Atlantic-Congo,languages
tswa1255,Tswa,,-22.9891,32.4287,tswa1255,,356,language,Atlantic-Congo,languages
tual1242,Tualatin-Yamhill,,45.327,-122.955,tual1242,,902,language,Kalapuyan,languages
tuba1278,Tübatulabal,,35.327,-117.163,tuba1278,,494,language,Uto-Aztecan,languages
tuki1240,Tuki,,4.64348,11.5353,tuki1240,,303,language,Atlantic-Congo,languages
tumb1250,Tumbuka,,-11.3297,33.3738,tumb1250,,343,language,Atlantic-Congo,languages
tumu1242,Tumulung Sisaala,,10.63451,-1.79707,tumu1242,,393,language,Atlantic-Congo,languages
tune1261,Tunen,,4.75,10.67,tune1261,,304,language,Atlantic-Congo,languages
tunu1234,Tunumiisiut,,65.613611,-37.631111,tunu1234,,684,language,Eskimo-Aleut,languages
tupi1273,Tupinambá,,-22.807778,-42.106389,tupi1273,,172,language,Tupian,languages
turk1304,Turkmen,,37.08719,59.17574,turk1304,,176,language,Turkic,languages
turk1308,Turkana,,4.30688,35.7101,turk1308,,677,language,Nilotic,languages
tusc1257,Tuscarora,,35.75362,-77.60117,tusc1257,,517,language,Iroquoian,languages
tute1247,Tutelo,,37.67,-78.75,tute1247,,463,language,Siouan,languages
tutu1242,Tututni,,42.5563,-124.293,tutu1242,,626,language,Athabaskan-Eyak-Tlingit,languages
tuvi1240,Tuvinian,,51.7,94.36667,tuvi1240,,208,language,Turkic,languages
twan1247,Twana,,47.48952,-123.21227,twan1247,,590,language,Salishan,languages
tzel1254,Tzeltal,,16.6384,-92.2786,tzel1254,,548,language,Mayan,languages
tzot1259,Tzotzil,,16.6362,-92.7388,tzot1259,,549,language,Mayan,languages
tzut1248,Tz'utujil,,14.6351,-91.2012,tzut1248,,550,language,Mayan,languages
udih1248,Udihe,,46.63086,135.67762,udih1248,,234,language,Tungusic,languages
udii1243,Udi,,40.9,47.7236,udii1243,,191,language,Nakh-Daghestanian,languages
udmu1245,Udmurt,,56.12921,52.63548,udmu1245,,247,language,Uralic,languages
uiri1238,Uirina,,0.487142,-64.265915,uiri1238,,781,language,Arawakan,languages
ukra1253,Ukrainian,,49.796,29.945,ukra1253,,44,language,Indo-European,languages
umbu1257,Umbundu,,-12.4763,14.4148,umbu1257,,352,language,Atlantic-Congo,languages
unam1242,Unami,,40.4,-74.3,unam1242,,439,language,Algic,languages
uppe1436,Upper Umpqua,,43.22,-123.36,uppe1436,,903,language,Athabaskan-Eyak-Tlingit,languages
uppe1437,Upper Tanana,,62.6867,-141.37,uppe1437,,627,language,Athabaskan-Eyak-Tlingit,languages
uppe1438,Upper Kuskokwim,,62.2976,-155.951,uppe1438,,882,language,Athabaskan-Eyak-Tlingit,languages
uppe1439,Upper Chehalis,,46.7981,-123.169,uppe1439,,591,language,Salishan,languages
uruu1244,Uru,,-16.72547,-68.97119,uruu1244,,714,language,Uru-Chipaya,languages
uspa1245,Uspanteco,,15.3648,-90.8893,uspa1245,,868,language,Mayan,languages
utes1238,Ute-Southern Paiute,,40.0965,-110.305,utes1238,,917 918 919,language,Uto-Aztecan,languages
vaii1241,Vai,,7.05085,-11.3262,vaii1241,,300,language,Mande,languages
vend1245,Venda,,-22.188,29.9523,vend1245,,358,language,Atlantic-Congo,languages
vent1242,Ventureño,,34.1761,-119.035,vent1242,,691,language,Chumashan,languages
vidu1238,Vidunda,,-7.52674,36.9316,vidu1238,,978,language,Atlantic-Congo,languages
vute1244,Vute,,6.13603,11.8839,vute1244,,287,language,Atlantic-Congo,languages
waig1243,Nuristani Kalasha,,35.191171,70.993533,waig1243,,108,language,Indo-European,languages
wail1244,Eel River Athabaskan,,39.1513,-123.284,wail1244,,628,language,Athabaskan-Eyak-Tlingit,languages
waim1253,Waimiri-Atroari,,-0.61832,-60.4259,waim1253,,650,language,Cariban,languages
waiw1244,Waiwai,,1.50881,-59.1417,waiw1244,,651,language,Cariban,languages
wakh1245,Wakhi,,37.1768,73.9777,wakh1245,,94,language,Indo-European,languages
wall1255,Walloon,,50.2235,5.14509,wall1255,,121,language,Indo-European,languages
wamp1250,Wampano,,41.2021,-73.3798,wamp1250,,916,language,Algic,languages
wapp1239,Wappo,,38.25,-122.5,wapp1239,,506,language,Yuki-Wappo,languages
wara1303,Warao,,7.50851,-59.3528,wara1303,,751,language,,languages
wasc1239,Upper Chinook,,45.0278,-121.509,wasc1239,,669,language,Chinookan,languages
wash1253,Washo,,38.8184,-119.64,wash1253,,715,language,,languages
waya1269,Wayana,,2.77537,-54.4429,waya1269,,652,language,Cariban,languages
wels1247,Welsh,,52.0,-4.0,wels1247,,54,language,Indo-European,languages
wenr1236,Wenro,,43.14,-78.475563,wenr1236,,888,language,Unclassifiable,languages
west1510,Western Ojibwa,,50.5664,-102.525,west1510,,441,language,Algic,languages
west2354,Western Frisian,,53.143,5.86091,west2354,,67,language,Indo-European,languages
west2369,Western Farsi,,32.9,53.3,west2369,,101,language,Indo-European,languages
west2386,Western Panjabi,,30.0948,75.3474,west2386,,84,language,Indo-European,languages
west2615,Western Apache,,33.8574,-110.123,west2615,,629,language,Athabaskan-Eyak-Tlingit,languages
west2618,Western Canadian Inuktitut,,64.3486,-96.148,west2618,,947,language,Eskimo-Aleut,languages
west2630,Western Abenaki,,46.1381,-72.6511,west2630,,440,language,Algic,languages
wich1260,Wichita,,35.0665,-98.1831,wich1260,,640,language,Caddoan,languages
wich1263,Vejoz,,-24.2189,-61.9117,wich1263,,746,language,Mataguayan,languages
wint1259,Wintu,,39.7176,-122.445,wint1259,,906,language,Wintuan,languages
wiyo1248,Wiyot,,39.2492,-122.952,wiyo1248,,442,language,Algic,languages
woje1238,Wojenaka,,9.72582,-7.6104,woje1238,,1003,language,Mande,languages
wood1236,Woods Cree,,57.0,-99.0,wood1236,,443,language,Algic,languages
woun1238,Woun Meu,,8.5,-78.0,woun1238,,560,language,Chocoan,languages
wuch1236,Wu Chinese,,29.8621,119.682,wuch1236,,412,language,Sino-Tibetan,languages
wyan1247,Huron-Wyandot,,44.33,-77.5,wyan1247,,511,language,Iroquoian,languages
xava1240,Xavánte,,-14.3017,-52.4367,xava1240,,742,language,Nuclear-Macro-Je,languages
xere1240,Xerénte,,-9.59426,-48.2629,xere1240,,743,language,Nuclear-Macro-Je,languages
xokl1240,Xokleng,,-26.9217,-49.5886,xokl1240,,124,language,Nuclear-Macro-Je,languages
yagn1238,Yagnobi,,39.1486,69.2422,yagn1238,,95,language,Indo-European,languages
yagu1244,Yagua,,-3.42913,-72.2186,yagu1244,,716,language,Peba-Yagua,languages
yaki1237,Northwest Sahaptin,,46.2655,-120.756,yaki1237,,569,language,Sahaptian,languages
yaku1245,Sakha,,61.69744,133.98031,yaku1245,,238,language,Turkic,languages
yalu1240,Yalunka,,9.97186,-11.2836,yalu1240,,301,language,Mande,languages
yama1264,Yámana,,-55.2748,-68.2648,yama1264,,717,language,,languages
yami1254,Yami,,22.055,121.544,yami1254,,31,language,Austronesian,languages
yami1256,Yaminahua,,-9.8846,-71.5964,yami1256,,566,language,Pano-Tacanan,languages
yana1271,Yana,,39.2769,-121.608,yana1271,,718,language,,languages
yano1261,Yanomamö,,1.67967,-64.8781,yano1261,,752,language,Yanomamic,languages
yano1262,Yanomám,,2.48999,-62.8522,yano1262,,504,language,Yanomamic,languages
yaoo1241,Yao,,-13.6119,35.2387,yaoo1241,,350,language,Atlantic-Congo,languages
yaqu1251,Yaqui,,29.9446,-110.681,yaqu1251,,495,language,Uto-Aztecan,languages
yazg1240,Yazgulyam,,38.2801,71.565,yazg1240,,942,language,Indo-European,languages
yidg1240,Yidgha,,36.014,71.5077,yidg1240,,945,language,Indo-European,languages
yoku1256,Northern Yokuts,,36.3167,-119.721,yoku1256,,570,language,Yokutsan,languages
yonc1234,Yoncalla,,43.568,-123.466,yonc1234,,905,language,Kalapuyan,languages
yoru1245,Yoruba,,7.15345,3.67225,yoru1245,,404,language,Atlantic-Congo,languages
yuca1254,Yucatec Maya,,18.7757,-88.9567,yuca1254,,551,language,Mayan,languages
yuec1235,Yue Chinese,,23.0,113.0,yuec1235,,413,language,Sino-Tibetan,languages
yuki1243,Northern Yukian,,39.8389,-123.296,yuki1243,,507,language,Yuki-Wappo,languages
yura1255,Yuracaré,,-16.7479,-65.1224,yura1255,,184,language,,languages
yuro1248,Yurok,,41.3262,-123.824,yuro1248,,444,language,Algic,languages
yuru1243,Yurumanguí,,3.436864,-76.522636,yuru1243,,798,language,,languages
zagh1240,Beria,,17.4842,23.4626,zagh1240,,631,language,Saharan,languages
zamu1245,Zamuco,,-18.910444,-59.439698,zamu1245,,817,language,Zamucoan,languages
zand1248,Zande,,4.62047,26.7157,zand1248,,399,language,Atlantic-Congo,languages
zapa1253,Záparo,,-1.99871,-76.364,zapa1253,,508,language,Zaparoan,languages
zinz1238,Zinza,,-2.64132,32.1755,zinz1238,,324,language,Atlantic-Congo,languages
zulu1248,Zulu,,-28.9,30.2,zulu1248,,359,language,Atlantic-Congo,languages
zuni1245,Zuni,,35.0056,-108.782,zuni1245,,915,language,,languages
abkh1242,Abkhaz-Adyge,,,,abkh1242,,140 189 195,family,,families
afro1255,Afro-Asiatic,,,,afro1255,,248 249 250 251 252 253 254 255 256 257 258 259 260 261 951 952 953 955 1001 1002 1018 1020 1021 1022 1024 1038,family,,families
algi1248,Algic,,,,algi1248,,418 419 420 421 422 423 424 425 426 427 428 429 430 431 432 433 434 435 436 437 438 439 440 441 442 443 444 884 885 897 898 916 922 923 928,family,,families
arau1255,Araucanian,,,,arau1255,,712 723,family,,families
araw1281,Arawakan,,,,araw1281,,18 445 446 744 750 753 781 782 783 785 786 787 790,family,,families
araw1282,Arawan,,,,araw1282,,447 448 449,family,,families
atha1245,Athabaskan-Eyak-Tlingit,,,,atha1245,,600 601 602 603 604 605 606 607 608 609 610 611 612 613 614 615 616 617 618 619 620 621 622 623 624 625 626 627 628 629 870 873 874 876 877 878 879 880 881 882 903 912,family,,families
atla1278,Atlantic-Congo,,,,atla1278,,272 273 274 276 277 278 280 281 283 284 285 286 287 302 303 304 305 306 307 308 309 310 311 312 313 314 315 316 317 318 319 320 321 322 323 324 325 326 327 328 329 330 331 332 333 334 335 336 337 338 339 340 341 342 343 344 345 346 347 348 349 350 351 352 353 354 355 356 357 358 359 360 361 362 363 364 365 366 367 368 369 370 371 372 373 374 375 376 377 378 379 380 381 382 383 384 385 386 387 388 389 390 391 392 393 394 395 396 397 398 399 402 403 404 970 971 972 978 979 993 994 995 998 1004 1006 1007 1008 1009 1012 1013 1014 1015 1016 1017 1019 1025 1026 1027 1028 1029 1030 1031 1032 1033 1034 1039 1040,family,,families
aust1305,Austroasiatic,,,,aust1305,,224,family,,families
aust1307,Austronesian,,,,aust1307,,26 27 28 29 30 31 32 405,family,,families
ayma1253,Aymaran,,,,ayma1253,,518 519,family,,families
barb1265,Barbacoan,,,,barb1265,,556 557 558,family,,families
bora1262,Boran,,,,bora1262,,704,family,,families
boro1281,Bororoan,,,,boro1281,,705,family,,families
cadd1255,Caddoan,,,,cadd1255,,637 638 639 640,family,,families
cahu1265,Cahuapanan,,,,cahu1265,,641 642,family,,families
cari1283,Cariban,,,,cari1283,,36 643 644 645 646 647 648 649 650 651 652 754,family,,families
cent2225,Central Sudanic,,,,cent2225,,653 654 655 656 657 1035 1036 1037,family,,families
char1238,Charruan,,,,char1238,,726,family,,families
chib1249,Chibchan,,,,chib1249,,658 659 660 661 662 663 664 738 852 853 854 855,family,,families
chim1311,Chimakuan,,47.632,-123.079,chim1311,,665 666,family,,families
chin1490,Chinookan,,,,chin1490,,667 668 669,family,,families
chiq1253,Chiquitano,,,,chiq1253,,38,family,,families
choc1280,Chocoan,,,,choc1280,,559 560,family,,families
chon1288,Chonan,,,,chon1288,,670 671,family,,families
chuk1271,Chukotko-Kamchatkan,,,,chuk1271,,672 930,family,,families
chum1262,Chumashan,,,,chum1262,,689 690 691 896 899 900,family,,families
coch1271,Cochimi-Yuman,,,,coch1271,,692 693 694 695 696 697 698 699 700 701,family,,families
coos1248,Coosan,,,,coos1248,,673 674,family,,families
dogo1299,Dogon,,,,dogo1299,,1005,family,,families
drav1251,Dravidian,,,,drav1251,,213 214 215 216 217 218 219 220 221 222 223,family,,families
eski1264,Eskimo-Aleut,,,,eski1264,,678 679 680 681 682 683 684 947 948,family,,families
fura1235,Furan,,,,fura1235,,708,family,,families
guah1252,Guahiboan,,,,guah1252,,685 686,family,,families
guai1249,Guaicuruan,,,,guai1249,,531 532 533 534,family,,families
haid1248,Haida,,,,haid1248,,687,family,,families
hibi1242,Hibito-Cholon,,,,hibi1242,,825,family,,families
hmon1336,Hmong-Mien,,,,hmon1336,,688 937 938,family,,families
huar1251,Huarpean,,,,huar1251,,725,family,,families
huit1251,Huitotoan,,,,huit1251,,501 772,family,,families
ijoi1239,Ijoid,,,,ijoi1239,,275 282 980 981 982,family,,families
indo1319,Indo-European,,,,indo1319,,39 40 41 42 43 44 45 46 47 48 49 50 52 53 54 55 56 57 58 59 60 61 62 63 64 65 66 67 68 69 70 71 72 73 75 76 77 78 79 80 81 82 83 84 85 86 87 88 89 90 91 92 93 94 95 96 97 98 99 100 101 102 103 104 105 106 107 108 109 110 111 112 113 114 115 116 117 118 119 120 121 210 262 263 264 265 266 267 268 269 270 271 942 943 944 945,family,,families
iroq1247,Iroquoian,,,,iroq1247,,509 510 511 512 513 514 515 516 517 871 887 891,family,,families
jiva1245,Chicham,,,,jiva1245,,520 521 522,family,,families
kala1402,Kalapuyan,,,,kala1402,,895 902 905,family,,families
kama1371,Kamakanan,,,,kama1371,,749,family,,families
kart1248,Kartvelian,,,,kart1248,,125 126 127 128,family,,families
katu1274,Katukinan,,,,katu1274,,788,family,,families
khoe1240,Khoe-Kwadi,,,,khoe1240,,946,family,,families
kiow1265,Kiowa-Tanoan,,,,kiow1265,,523,family,,families
krua1234,Kru,,,,krua1234,,279 400 401 983 984 985 986,family,,families
kxaa1236,Kxa,,,,kxaa1236,,950,family,,families
lenc1239,Lencan,,13.92775,-88.04223,lenc1239,,867,family,,families
maba1274,Maban,,,,maba1274,,959,family,,families
maid1262,Maiduan,,,,maid1262,,528 529 530,family,,families
mand1469,Mande,,,,mand1469,,288 289 290 291 292 293 294 295 296 297 298 299 300 301 992 996 997 1003 1010 1011,family,,families
mata1289,Mataguayan,,,,mata1289,,746,family,,families
maya1287,Mayan,,,,maya1287,,535 536 537 538 539 540 541 542 543 544 545 546 547 548 549 550 551 862 868 869,family,,families
misu1242,Misumalpan,,,,misu1242,,552 856 857,family,,families
miwo1274,Miwok-Costanoan,,,,miwo1274,,567,family,,families
mixe1284,Mixe-Zoque,,,,mixe1284,,553 554 555,family,,families
mong1349,Mongolic-Khitan,,,,mong1349,,225 226 227 228 229 230,family,,families
musk1252,Muskogean,,,,musk1252,,593 594 595 596 597 598 599 875,family,,families
nakh1245,Nakh-Daghestanian,,,,nakh1245,,135 136 137 138 139 190 191 192 193 194 196 197 198 199 203 204 205 206,family,,families
namb1299,Nambiquaran,,,,namb1299,,133 134 630,family,,families
nilo1247,Nilotic,,,,nilo1247,,675 676 677 957,family,,families
nivk1234,Nivkh,,,,nivk1234,,929,family,,families
nubi1251,Nubian,,,,nubi1251,,958,family,,families
nucl1710,Nuclear-Macro-Je,,,,nucl1710,,123 124 524 525 526 527 742 743 747 748 814,family,,families
otom1276,Otomaco-Taparita,,,,otom1276,,803,family,,families
otom1299,Otomanguean,,,,otom1299,,634 635 636 858 859 861 863 865,family,,families
pala1350,Palaihnihan,,,,pala1350,,702,family,,families
pano1259,Pano-Tacanan,,,,pano1259,,141 142 143 561 562 563 564 565 566 739,family,,families
peba1241,Peba-Yagua,,,,peba1241,,716,family,,families
puri1261,Puri-Coroado,,,,puri1261,,811,family,,families
quec1387,Quechuan,,,,quec1387,,571 572 719,family,,families
saha1239,Sahaptian,,,,saha1239,,568 569 909,family,,families
saha1256,Saharan,,,,saha1256,,631 632 633,family,,families
sali1255,Salishan,,,,sali1255,,573 574 575 576 577 578 579 580 581 582 583 584 585 586 587 588 589 590 591 886 910,family,,families
sali1297,Saliban,,,,sali1297,,592,family,,families
sino1245,Sino-Tibetan,,,,sino1245,,185 186 187 409 410 411 412 413 414 415 416 417 939 941,family,,families
siou1252,Siouan,,,,siou1252,,450 451 452 453 454 455 456 457 458 459 460 461 462 463,family,,families
song1307,Songhay,,,,song1307,,956,family,,families
spee1234,Speech Register,,,,spee1234,,720,family,,families
surm1244,Surmic,,,,surm1244,,1023,family,,families
taik1256,Tai-Kadai,,,,taik1256,,406 407 408 940,family,,families
tara1323,Tarascan,,,,tara1323,,866,family,,families
toto1251,Totonacan,,,,toto1251,,860,family,,families
tsim1258,Tsimshian,,,,tsim1258,,464,family,,families
tuca1253,Tucanoan,,,,tuca1253,,465 466 467 468 469,family,,families
tung1282,Tungusic,,,,tung1282,,231 232 233 234 935,family,,families
tupi1275,Tupian,,,,tupi1275,,144 145 146 147 148 165 172,family,,families
turk1311,Turkic,,,,turk1311,,176 177 179 200 201 202 207 208 211 235 236 237 238 239 931 936,family,,families
tuuu1241,Tuu,,,,tuuu1241,,949,family,,families
unat1236,Unattested,,,,unat1236,,745,family,,families
uncl1493,Unclassifiable,,,,uncl1493,,768 821 888 889 890 924,family,,families
ural1272,Uralic,,,,ural1272,,181 182 183 240 241 242 243 244 245 246 247 932 933 934,family,,families
uruc1242,Uru-Chipaya,,,,uruc1242,,714,family,,families
utoa1244,Uto-Aztecan,,,,utoa1244,,470 471 472 473 474 475 476 477 478 479 480 481 482 483 484 485 486 487 488 489 490 491 492 493 494 495 914 917 918 919,family,,families
waka1280,Wakashan,,,,waka1280,,496 497 498 499 500 883,family,,families
wint1258,Wintuan,,,,wint1258,,906,family,,families
xinc1237,Xincan,,14.31028,-89.82346,xinc1237,,864,family,,families
yano1268,Yanomamic,,,,yano1268,,502 503 504 752,family,,families
yeni1252,Yeniseian,,,,yeni1252,,709,family,,families
yoku1255,Yokutsan,,,,yoku1255,,570,family,,families
yuka1259,Yukaghir,,,,yuka1259,,505,family,,families
yuki1242,Yuki-Wappo,,,,yuki1242,,506 507,family,,families
zamu1243,Zamucoan,,,,zamu1243,,703 817,family,,families
zapa1251,Zaparoan,,,,zapa1251,,508,family,,families
